schoolName,disciplineName,doubleFirstClassRound,sourceTitle,sourceUrl,sourceDate,notes
北京大学,,2,第二轮“双一流”建设高校及建设学科名单 - 教育部,http://www.moe.gov.cn/srcsite/A22/s7065/202202/W020220214318455516037.pdf,2026-04-21,該校在原文中為“自主確定建設學科並自行公佈”等描述，未列出具體學科。
中国人民大学,哲学,2,第二轮“双一流”建设高校及建设学科名单 - 教育部,http://www.moe.gov.cn/srcsite/A22/s7065/202202/W020220214318455516037.pdf,2026-04-21,disciplineName 直接來自附件1中對應高校後的學科列表，按中文逗號/頓號分割。
中国人民大学,理论经济学,2,第二轮“双一流”建设高校及建设学科名单 - 教育部,http://www.moe.gov.cn/srcsite/A22/s7065/202202/W020220214318455516037.pdf,2026-04-21,disciplineName 直接來自附件1中對應高校後的學科列表，按中文逗號/頓號分割。
中国人民大学,应用经济学,2,第二轮“双一流”建设高校及建设学科名单 - 教育部,http://www.moe.gov.cn/srcsite/A22/s7065/202202/W020220214318455516037.pdf,2026-04-21,disciplineName 直接來自附件1中對應高校後的學科列表，按中文逗號/頓號分割。
中国人民大学,法学,2,第二轮“双一流”建设高校及建设学科名单 - 教育部,http://www.moe.gov.cn/srcsite/A22/s7065/202202/W020220214318455516037.pdf,2026-04-21,disciplineName 直接來自附件1中對應高校後的學科列表，按中文逗號/頓號分割。
中国人民大学,政治学,2,第二轮“双一流”建设高校及建设学科名单 - 教育部,http://www.moe.gov.cn/srcsite/A22/s7065/202202/W020220214318455516037.pdf,2026-04-21,disciplineName 直接來自附件1中對應高校後的學科列表，按中文逗號/頓號分割。
中国人民大学,社会学,2,第二轮“双一流”建设高校及建设学科名单 - 教育部,http://www.moe.gov.cn/srcsite/A22/s7065/202202/W020220214318455516037.pdf,2026-04-21,disciplineName 直接來自附件1中對應高校後的學科列表，按中文逗號/頓號分割。
中国人民大学,马克思主义理论,2,第二轮“双一流”建设高校及建设学科名单 - 教育部,http://www.moe.gov.cn/srcsite/A22/s7065/202202/W020220214318455516037.pdf,2026-04-21,disciplineName 直接來自附件1中對應高校後的學科列表，按中文逗號/頓號分割。
中国人民大学,新闻传播学,2,第二轮“双一流”建设高校及建设学科名单 - 教育部,http://www.moe.gov.cn/srcsite/A22/s7065/202202/W020220214318455516037.pdf,2026-04-21,disciplineName 直接來自附件1中對應高校後的學科列表，按中文逗號/頓號分割。
中国人民大学,中国史,2,第二轮“双一流”建设高校及建设学科名单 - 教育部,http://www.moe.gov.cn/srcsite/A22/s7065/202202/W020220214318455516037.pdf,2026-04-21,disciplineName 直接來自附件1中對應高校後的學科列表，按中文逗號/頓號分割。
中国人民大学,统计学,2,第二轮“双一流”建设高校及建设学科名单 - 教育部,http://www.moe.gov.cn/srcsite/A22/s7065/202202/W020220214318455516037.pdf,2026-04-21,disciplineName 直接來自附件1中對應高校後的學科列表，按中文逗號/頓號分割。
中国人民大学,工商管理,2,第二轮“双一流”建设高校及建设学科名单 - 教育部,http://www.moe.gov.cn/srcsite/A22/s7065/202202/W020220214318455516037.pdf,2026-04-21,disciplineName 直接來自附件1中對應高校後的學科列表，按中文逗號/頓號分割。
中国人民大学,农林经济管理,2,第二轮“双一流”建设高校及建设学科名单 - 教育部,http://www.moe.gov.cn/srcsite/A22/s7065/202202/W020220214318455516037.pdf,2026-04-21,disciplineName 直接來自附件1中對應高校後的學科列表，按中文逗號/頓號分割。
中国人民大学,公共管理,2,第二轮“双一流”建设高校及建设学科名单 - 教育部,http://www.moe.gov.cn/srcsite/A22/s7065/202202/W020220214318455516037.pdf,2026-04-21,disciplineName 直接來自附件1中對應高校後的學科列表，按中文逗號/頓號分割。
中国人民大学,图书情报与档案管理,2,第二轮“双一流”建设高校及建设学科名单 - 教育部,http://www.moe.gov.cn/srcsite/A22/s7065/202202/W020220214318455516037.pdf,2026-04-21,disciplineName 直接來自附件1中對應高校後的學科列表，按中文逗號/頓號分割。
清华大学,,2,第二轮“双一流”建设高校及建设学科名单 - 教育部,http://www.moe.gov.cn/srcsite/A22/s7065/202202/W020220214318455516037.pdf,2026-04-21,該校在原文中為“自主確定建設學科並自行公佈”等描述，未列出具體學科。
北京交通大学,系统科学,2,第二轮“双一流”建设高校及建设学科名单 - 教育部,http://www.moe.gov.cn/srcsite/A22/s7065/202202/W020220214318455516037.pdf,2026-04-21,disciplineName 直接來自附件1中對應高校後的學科列表，按中文逗號/頓號分割。
北京工业大学,土木工程,2,第二轮“双一流”建设高校及建设学科名单 - 教育部,http://www.moe.gov.cn/srcsite/A22/s7065/202202/W020220214318455516037.pdf,2026-04-21,disciplineName 直接來自附件1中對應高校後的學科列表，按中文逗號/頓號分割。
北京航空航天大学,力学,2,第二轮“双一流”建设高校及建设学科名单 - 教育部,http://www.moe.gov.cn/srcsite/A22/s7065/202202/W020220214318455516037.pdf,2026-04-21,disciplineName 直接來自附件1中對應高校後的學科列表，按中文逗號/頓號分割。
北京航空航天大学,仪器科学与技术,2,第二轮“双一流”建设高校及建设学科名单 - 教育部,http://www.moe.gov.cn/srcsite/A22/s7065/202202/W020220214318455516037.pdf,2026-04-21,disciplineName 直接來自附件1中對應高校後的學科列表，按中文逗號/頓號分割。
北京航空航天大学,材料科学与工程,2,第二轮“双一流”建设高校及建设学科名单 - 教育部,http://www.moe.gov.cn/srcsite/A22/s7065/202202/W020220214318455516037.pdf,2026-04-21,disciplineName 直接來自附件1中對應高校後的學科列表，按中文逗號/頓號分割。
北京航空航天大学,控制科学与工程,2,第二轮“双一流”建设高校及建设学科名单 - 教育部,http://www.moe.gov.cn/srcsite/A22/s7065/202202/W020220214318455516037.pdf,2026-04-21,disciplineName 直接來自附件1中對應高校後的學科列表，按中文逗號/頓號分割。
北京航空航天大学,计算机科学与技术,2,第二轮“双一流”建设高校及建设学科名单 - 教育部,http://www.moe.gov.cn/srcsite/A22/s7065/202202/W020220214318455516037.pdf,2026-04-21,disciplineName 直接來自附件1中對應高校後的學科列表，按中文逗號/頓號分割。
北京航空航天大学,交通运输工程,2,第二轮“双一流”建设高校及建设学科名单 - 教育部,http://www.moe.gov.cn/srcsite/A22/s7065/202202/W020220214318455516037.pdf,2026-04-21,disciplineName 直接來自附件1中對應高校後的學科列表，按中文逗號/頓號分割。
北京航空航天大学,航空宇航科学 与技术,2,第二轮“双一流”建设高校及建设学科名单 - 教育部,http://www.moe.gov.cn/srcsite/A22/s7065/202202/W020220214318455516037.pdf,2026-04-21,disciplineName 直接來自附件1中對應高校後的學科列表，按中文逗號/頓號分割。
北京航空航天大学,软件工程,2,第二轮“双一流”建设高校及建设学科名单 - 教育部,http://www.moe.gov.cn/srcsite/A22/s7065/202202/W020220214318455516037.pdf,2026-04-21,disciplineName 直接來自附件1中對應高校後的學科列表，按中文逗號/頓號分割。
北京理工大学,物理学,2,第二轮“双一流”建设高校及建设学科名单 - 教育部,http://www.moe.gov.cn/srcsite/A22/s7065/202202/W020220214318455516037.pdf,2026-04-21,disciplineName 直接來自附件1中對應高校後的學科列表，按中文逗號/頓號分割。
北京理工大学,材料科学与工程,2,第二轮“双一流”建设高校及建设学科名单 - 教育部,http://www.moe.gov.cn/srcsite/A22/s7065/202202/W020220214318455516037.pdf,2026-04-21,disciplineName 直接來自附件1中對應高校後的學科列表，按中文逗號/頓號分割。
北京理工大学,控制科学与工程,2,第二轮“双一流”建设高校及建设学科名单 - 教育部,http://www.moe.gov.cn/srcsite/A22/s7065/202202/W020220214318455516037.pdf,2026-04-21,disciplineName 直接來自附件1中對應高校後的學科列表，按中文逗號/頓號分割。
北京理工大学,兵 器科学与技术,2,第二轮“双一流”建设高校及建设学科名单 - 教育部,http://www.moe.gov.cn/srcsite/A22/s7065/202202/W020220214318455516037.pdf,2026-04-21,disciplineName 直接來自附件1中對應高校後的學科列表，按中文逗號/頓號分割。
北京科技大学,科学技术史,2,第二轮“双一流”建设高校及建设学科名单 - 教育部,http://www.moe.gov.cn/srcsite/A22/s7065/202202/W020220214318455516037.pdf,2026-04-21,disciplineName 直接來自附件1中對應高校後的學科列表，按中文逗號/頓號分割。
北京科技大学,材料科学与工程,2,第二轮“双一流”建设高校及建设学科名单 - 教育部,http://www.moe.gov.cn/srcsite/A22/s7065/202202/W020220214318455516037.pdf,2026-04-21,disciplineName 直接來自附件1中對應高校後的學科列表，按中文逗號/頓號分割。
北京科技大学,冶金工程,2,第二轮“双一流”建设高校及建设学科名单 - 教育部,http://www.moe.gov.cn/srcsite/A22/s7065/202202/W020220214318455516037.pdf,2026-04-21,disciplineName 直接來自附件1中對應高校後的學科列表，按中文逗號/頓號分割。
北京科技大学,矿业 工程,2,第二轮“双一流”建设高校及建设学科名单 - 教育部,http://www.moe.gov.cn/srcsite/A22/s7065/202202/W020220214318455516037.pdf,2026-04-21,disciplineName 直接來自附件1中對應高校後的學科列表，按中文逗號/頓號分割。
北京化工大学,化学工程与技术,2,第二轮“双一流”建设高校及建设学科名单 - 教育部,http://www.moe.gov.cn/srcsite/A22/s7065/202202/W020220214318455516037.pdf,2026-04-21,disciplineName 直接來自附件1中對應高校後的學科列表，按中文逗號/頓號分割。
北京邮电大学,信息与通信工程,2,第二轮“双一流”建设高校及建设学科名单 - 教育部,http://www.moe.gov.cn/srcsite/A22/s7065/202202/W020220214318455516037.pdf,2026-04-21,disciplineName 直接來自附件1中對應高校後的學科列表，按中文逗號/頓號分割。
北京邮电大学,计算机科学与技术,2,第二轮“双一流”建设高校及建设学科名单 - 教育部,http://www.moe.gov.cn/srcsite/A22/s7065/202202/W020220214318455516037.pdf,2026-04-21,disciplineName 直接來自附件1中對應高校後的學科列表，按中文逗號/頓號分割。
中国农业大学,生物学,2,第二轮“双一流”建设高校及建设学科名单 - 教育部,http://www.moe.gov.cn/srcsite/A22/s7065/202202/W020220214318455516037.pdf,2026-04-21,disciplineName 直接來自附件1中對應高校後的學科列表，按中文逗號/頓號分割。
中国农业大学,农业工程,2,第二轮“双一流”建设高校及建设学科名单 - 教育部,http://www.moe.gov.cn/srcsite/A22/s7065/202202/W020220214318455516037.pdf,2026-04-21,disciplineName 直接來自附件1中對應高校後的學科列表，按中文逗號/頓號分割。
中国农业大学,食品科学与工程,2,第二轮“双一流”建设高校及建设学科名单 - 教育部,http://www.moe.gov.cn/srcsite/A22/s7065/202202/W020220214318455516037.pdf,2026-04-21,disciplineName 直接來自附件1中對應高校後的學科列表，按中文逗號/頓號分割。
中国农业大学,作物学,2,第二轮“双一流”建设高校及建设学科名单 - 教育部,http://www.moe.gov.cn/srcsite/A22/s7065/202202/W020220214318455516037.pdf,2026-04-21,disciplineName 直接來自附件1中對應高校後的學科列表，按中文逗號/頓號分割。
中国农业大学,农业资源与环境,2,第二轮“双一流”建设高校及建设学科名单 - 教育部,http://www.moe.gov.cn/srcsite/A22/s7065/202202/W020220214318455516037.pdf,2026-04-21,disciplineName 直接來自附件1中對應高校後的學科列表，按中文逗號/頓號分割。
中国农业大学,植物保护,2,第二轮“双一流”建设高校及建设学科名单 - 教育部,http://www.moe.gov.cn/srcsite/A22/s7065/202202/W020220214318455516037.pdf,2026-04-21,disciplineName 直接來自附件1中對應高校後的學科列表，按中文逗號/頓號分割。
中国农业大学,畜牧学,2,第二轮“双一流”建设高校及建设学科名单 - 教育部,http://www.moe.gov.cn/srcsite/A22/s7065/202202/W020220214318455516037.pdf,2026-04-21,disciplineName 直接來自附件1中對應高校後的學科列表，按中文逗號/頓號分割。
中国农业大学,兽医学,2,第二轮“双一流”建设高校及建设学科名单 - 教育部,http://www.moe.gov.cn/srcsite/A22/s7065/202202/W020220214318455516037.pdf,2026-04-21,disciplineName 直接來自附件1中對應高校後的學科列表，按中文逗號/頓號分割。
中国农业大学,草学,2,第二轮“双一流”建设高校及建设学科名单 - 教育部,http://www.moe.gov.cn/srcsite/A22/s7065/202202/W020220214318455516037.pdf,2026-04-21,disciplineName 直接來自附件1中對應高校後的學科列表，按中文逗號/頓號分割。
北京林业大学,风景园林学,2,第二轮“双一流”建设高校及建设学科名单 - 教育部,http://www.moe.gov.cn/srcsite/A22/s7065/202202/W020220214318455516037.pdf,2026-04-21,disciplineName 直接來自附件1中對應高校後的學科列表，按中文逗號/頓號分割。
北京林业大学,林学,2,第二轮“双一流”建设高校及建设学科名单 - 教育部,http://www.moe.gov.cn/srcsite/A22/s7065/202202/W020220214318455516037.pdf,2026-04-21,disciplineName 直接來自附件1中對應高校後的學科列表，按中文逗號/頓號分割。
北京协和医学院,生物学,2,第二轮“双一流”建设高校及建设学科名单 - 教育部,http://www.moe.gov.cn/srcsite/A22/s7065/202202/W020220214318455516037.pdf,2026-04-21,disciplineName 直接來自附件1中對應高校後的學科列表，按中文逗號/頓號分割。
北京协和医学院,生物医学工程,2,第二轮“双一流”建设高校及建设学科名单 - 教育部,http://www.moe.gov.cn/srcsite/A22/s7065/202202/W020220214318455516037.pdf,2026-04-21,disciplineName 直接來自附件1中對應高校後的學科列表，按中文逗號/頓號分割。
北京协和医学院,临床医学,2,第二轮“双一流”建设高校及建设学科名单 - 教育部,http://www.moe.gov.cn/srcsite/A22/s7065/202202/W020220214318455516037.pdf,2026-04-21,disciplineName 直接來自附件1中對應高校後的學科列表，按中文逗號/頓號分割。
北京协和医学院,公共卫生 与预防医学,2,第二轮“双一流”建设高校及建设学科名单 - 教育部,http://www.moe.gov.cn/srcsite/A22/s7065/202202/W020220214318455516037.pdf,2026-04-21,disciplineName 直接來自附件1中對應高校後的學科列表，按中文逗號/頓號分割。
北京协和医学院,药学,2,第二轮“双一流”建设高校及建设学科名单 - 教育部,http://www.moe.gov.cn/srcsite/A22/s7065/202202/W020220214318455516037.pdf,2026-04-21,disciplineName 直接來自附件1中對應高校後的學科列表，按中文逗號/頓號分割。
北京中医药大学,中医学,2,第二轮“双一流”建设高校及建设学科名单 - 教育部,http://www.moe.gov.cn/srcsite/A22/s7065/202202/W020220214318455516037.pdf,2026-04-21,disciplineName 直接來自附件1中對應高校後的學科列表，按中文逗號/頓號分割。
北京中医药大学,中西医结合,2,第二轮“双一流”建设高校及建设学科名单 - 教育部,http://www.moe.gov.cn/srcsite/A22/s7065/202202/W020220214318455516037.pdf,2026-04-21,disciplineName 直接來自附件1中對應高校後的學科列表，按中文逗號/頓號分割。
北京中医药大学,中药学,2,第二轮“双一流”建设高校及建设学科名单 - 教育部,http://www.moe.gov.cn/srcsite/A22/s7065/202202/W020220214318455516037.pdf,2026-04-21,disciplineName 直接來自附件1中對應高校後的學科列表，按中文逗號/頓號分割。
北京师范大学,哲学,2,第二轮“双一流”建设高校及建设学科名单 - 教育部,http://www.moe.gov.cn/srcsite/A22/s7065/202202/W020220214318455516037.pdf,2026-04-21,disciplineName 直接來自附件1中對應高校後的學科列表，按中文逗號/頓號分割。
北京师范大学,教育学,2,第二轮“双一流”建设高校及建设学科名单 - 教育部,http://www.moe.gov.cn/srcsite/A22/s7065/202202/W020220214318455516037.pdf,2026-04-21,disciplineName 直接來自附件1中對應高校後的學科列表，按中文逗號/頓號分割。
北京师范大学,心理学,2,第二轮“双一流”建设高校及建设学科名单 - 教育部,http://www.moe.gov.cn/srcsite/A22/s7065/202202/W020220214318455516037.pdf,2026-04-21,disciplineName 直接來自附件1中對應高校後的學科列表，按中文逗號/頓號分割。
北京师范大学,中国语言文学,2,第二轮“双一流”建设高校及建设学科名单 - 教育部,http://www.moe.gov.cn/srcsite/A22/s7065/202202/W020220214318455516037.pdf,2026-04-21,disciplineName 直接來自附件1中對應高校後的學科列表，按中文逗號/頓號分割。
北京师范大学,外国语 言文学,2,第二轮“双一流”建设高校及建设学科名单 - 教育部,http://www.moe.gov.cn/srcsite/A22/s7065/202202/W020220214318455516037.pdf,2026-04-21,disciplineName 直接來自附件1中對應高校後的學科列表，按中文逗號/頓號分割。
北京师范大学,中国史,2,第二轮“双一流”建设高校及建设学科名单 - 教育部,http://www.moe.gov.cn/srcsite/A22/s7065/202202/W020220214318455516037.pdf,2026-04-21,disciplineName 直接來自附件1中對應高校後的學科列表，按中文逗號/頓號分割。
北京师范大学,数学,2,第二轮“双一流”建设高校及建设学科名单 - 教育部,http://www.moe.gov.cn/srcsite/A22/s7065/202202/W020220214318455516037.pdf,2026-04-21,disciplineName 直接來自附件1中對應高校後的學科列表，按中文逗號/頓號分割。
北京师范大学,地理学,2,第二轮“双一流”建设高校及建设学科名单 - 教育部,http://www.moe.gov.cn/srcsite/A22/s7065/202202/W020220214318455516037.pdf,2026-04-21,disciplineName 直接來自附件1中對應高校後的學科列表，按中文逗號/頓號分割。
北京师范大学,系统科学,2,第二轮“双一流”建设高校及建设学科名单 - 教育部,http://www.moe.gov.cn/srcsite/A22/s7065/202202/W020220214318455516037.pdf,2026-04-21,disciplineName 直接來自附件1中對應高校後的學科列表，按中文逗號/頓號分割。
北京师范大学,生态学,2,第二轮“双一流”建设高校及建设学科名单 - 教育部,http://www.moe.gov.cn/srcsite/A22/s7065/202202/W020220214318455516037.pdf,2026-04-21,disciplineName 直接來自附件1中對應高校後的學科列表，按中文逗號/頓號分割。
北京师范大学,环境科学与工 程,2,第二轮“双一流”建设高校及建设学科名单 - 教育部,http://www.moe.gov.cn/srcsite/A22/s7065/202202/W020220214318455516037.pdf,2026-04-21,disciplineName 直接來自附件1中對應高校後的學科列表，按中文逗號/頓號分割。
北京师范大学,戏剧与影视学,2,第二轮“双一流”建设高校及建设学科名单 - 教育部,http://www.moe.gov.cn/srcsite/A22/s7065/202202/W020220214318455516037.pdf,2026-04-21,disciplineName 直接來自附件1中對應高校後的學科列表，按中文逗號/頓號分割。
首都师范大学,数学,2,第二轮“双一流”建设高校及建设学科名单 - 教育部,http://www.moe.gov.cn/srcsite/A22/s7065/202202/W020220214318455516037.pdf,2026-04-21,disciplineName 直接來自附件1中對應高校後的學科列表，按中文逗號/頓號分割。
北京外国语大学,外国语言文学,2,第二轮“双一流”建设高校及建设学科名单 - 教育部,http://www.moe.gov.cn/srcsite/A22/s7065/202202/W020220214318455516037.pdf,2026-04-21,disciplineName 直接來自附件1中對應高校後的學科列表，按中文逗號/頓號分割。
中国传媒大学,新闻传播学,2,第二轮“双一流”建设高校及建设学科名单 - 教育部,http://www.moe.gov.cn/srcsite/A22/s7065/202202/W020220214318455516037.pdf,2026-04-21,disciplineName 直接來自附件1中對應高校後的學科列表，按中文逗號/頓號分割。
中国传媒大学,戏剧与影视学,2,第二轮“双一流”建设高校及建设学科名单 - 教育部,http://www.moe.gov.cn/srcsite/A22/s7065/202202/W020220214318455516037.pdf,2026-04-21,disciplineName 直接來自附件1中對應高校後的學科列表，按中文逗號/頓號分割。
中央财经大学,应用经济学,2,第二轮“双一流”建设高校及建设学科名单 - 教育部,http://www.moe.gov.cn/srcsite/A22/s7065/202202/W020220214318455516037.pdf,2026-04-21,disciplineName 直接來自附件1中對應高校後的學科列表，按中文逗號/頓號分割。
对外经济贸易大学,应用经济学,2,第二轮“双一流”建设高校及建设学科名单 - 教育部,http://www.moe.gov.cn/srcsite/A22/s7065/202202/W020220214318455516037.pdf,2026-04-21,disciplineName 直接來自附件1中對應高校後的學科列表，按中文逗號/頓號分割。
外交学院,政治学,2,第二轮“双一流”建设高校及建设学科名单 - 教育部,http://www.moe.gov.cn/srcsite/A22/s7065/202202/W020220214318455516037.pdf,2026-04-21,disciplineName 直接來自附件1中對應高校後的學科列表，按中文逗號/頓號分割。
中国人民公安大学,公安学,2,第二轮“双一流”建设高校及建设学科名单 - 教育部,http://www.moe.gov.cn/srcsite/A22/s7065/202202/W020220214318455516037.pdf,2026-04-21,disciplineName 直接來自附件1中對應高校後的學科列表，按中文逗號/頓號分割。
北京体育大学,体育学,2,第二轮“双一流”建设高校及建设学科名单 - 教育部,http://www.moe.gov.cn/srcsite/A22/s7065/202202/W020220214318455516037.pdf,2026-04-21,disciplineName 直接來自附件1中對應高校後的學科列表，按中文逗號/頓號分割。
中央音乐学院,音乐与舞蹈学,2,第二轮“双一流”建设高校及建设学科名单 - 教育部,http://www.moe.gov.cn/srcsite/A22/s7065/202202/W020220214318455516037.pdf,2026-04-21,disciplineName 直接來自附件1中對應高校後的學科列表，按中文逗號/頓號分割。
中国音乐学院,音乐与舞蹈学,2,第二轮“双一流”建设高校及建设学科名单 - 教育部,http://www.moe.gov.cn/srcsite/A22/s7065/202202/W020220214318455516037.pdf,2026-04-21,disciplineName 直接來自附件1中對應高校後的學科列表，按中文逗號/頓號分割。
中央美术学院,美术学,2,第二轮“双一流”建设高校及建设学科名单 - 教育部,http://www.moe.gov.cn/srcsite/A22/s7065/202202/W020220214318455516037.pdf,2026-04-21,disciplineName 直接來自附件1中對應高校後的學科列表，按中文逗號/頓號分割。
中央美术学院,设计学,2,第二轮“双一流”建设高校及建设学科名单 - 教育部,http://www.moe.gov.cn/srcsite/A22/s7065/202202/W020220214318455516037.pdf,2026-04-21,disciplineName 直接來自附件1中對應高校後的學科列表，按中文逗號/頓號分割。
中央戏剧学院,戏剧与影视学,2,第二轮“双一流”建设高校及建设学科名单 - 教育部,http://www.moe.gov.cn/srcsite/A22/s7065/202202/W020220214318455516037.pdf,2026-04-21,disciplineName 直接來自附件1中對應高校後的學科列表，按中文逗號/頓號分割。
中央民族大学,民族学,2,第二轮“双一流”建设高校及建设学科名单 - 教育部,http://www.moe.gov.cn/srcsite/A22/s7065/202202/W020220214318455516037.pdf,2026-04-21,disciplineName 直接來自附件1中對應高校後的學科列表，按中文逗號/頓號分割。
中国政法大学,法学,2,第二轮“双一流”建设高校及建设学科名单 - 教育部,http://www.moe.gov.cn/srcsite/A22/s7065/202202/W020220214318455516037.pdf,2026-04-21,disciplineName 直接來自附件1中對應高校後的學科列表，按中文逗號/頓號分割。
南开大学,应用经济学,2,第二轮“双一流”建设高校及建设学科名单 - 教育部,http://www.moe.gov.cn/srcsite/A22/s7065/202202/W020220214318455516037.pdf,2026-04-21,disciplineName 直接來自附件1中對應高校後的學科列表，按中文逗號/頓號分割。
南开大学,世界史,2,第二轮“双一流”建设高校及建设学科名单 - 教育部,http://www.moe.gov.cn/srcsite/A22/s7065/202202/W020220214318455516037.pdf,2026-04-21,disciplineName 直接來自附件1中對應高校後的學科列表，按中文逗號/頓號分割。
南开大学,数学,2,第二轮“双一流”建设高校及建设学科名单 - 教育部,http://www.moe.gov.cn/srcsite/A22/s7065/202202/W020220214318455516037.pdf,2026-04-21,disciplineName 直接來自附件1中對應高校後的學科列表，按中文逗號/頓號分割。
南开大学,化学,2,第二轮“双一流”建设高校及建设学科名单 - 教育部,http://www.moe.gov.cn/srcsite/A22/s7065/202202/W020220214318455516037.pdf,2026-04-21,disciplineName 直接來自附件1中對應高校後的學科列表，按中文逗號/頓號分割。
南开大学,统计学,2,第二轮“双一流”建设高校及建设学科名单 - 教育部,http://www.moe.gov.cn/srcsite/A22/s7065/202202/W020220214318455516037.pdf,2026-04-21,disciplineName 直接來自附件1中對應高校後的學科列表，按中文逗號/頓號分割。
南开大学,材料科 学与工程,2,第二轮“双一流”建设高校及建设学科名单 - 教育部,http://www.moe.gov.cn/srcsite/A22/s7065/202202/W020220214318455516037.pdf,2026-04-21,disciplineName 直接來自附件1中對應高校後的學科列表，按中文逗號/頓號分割。
天津大学,化学,2,第二轮“双一流”建设高校及建设学科名单 - 教育部,http://www.moe.gov.cn/srcsite/A22/s7065/202202/W020220214318455516037.pdf,2026-04-21,disciplineName 直接來自附件1中對應高校後的學科列表，按中文逗號/頓號分割。
天津大学,材料科学与工程,2,第二轮“双一流”建设高校及建设学科名单 - 教育部,http://www.moe.gov.cn/srcsite/A22/s7065/202202/W020220214318455516037.pdf,2026-04-21,disciplineName 直接來自附件1中對應高校後的學科列表，按中文逗號/頓號分割。
天津大学,动力工程及工程热物理,2,第二轮“双一流”建设高校及建设学科名单 - 教育部,http://www.moe.gov.cn/srcsite/A22/s7065/202202/W020220214318455516037.pdf,2026-04-21,disciplineName 直接來自附件1中對應高校後的學科列表，按中文逗號/頓號分割。
天津大学,化 学工程与技术,2,第二轮“双一流”建设高校及建设学科名单 - 教育部,http://www.moe.gov.cn/srcsite/A22/s7065/202202/W020220214318455516037.pdf,2026-04-21,disciplineName 直接來自附件1中對應高校後的學科列表，按中文逗號/頓號分割。
天津大学,管理科学与工程,2,第二轮“双一流”建设高校及建设学科名单 - 教育部,http://www.moe.gov.cn/srcsite/A22/s7065/202202/W020220214318455516037.pdf,2026-04-21,disciplineName 直接來自附件1中對應高校後的學科列表，按中文逗號/頓號分割。
天津工业大学,纺织科学与工程,2,第二轮“双一流”建设高校及建设学科名单 - 教育部,http://www.moe.gov.cn/srcsite/A22/s7065/202202/W020220214318455516037.pdf,2026-04-21,disciplineName 直接來自附件1中對應高校後的學科列表，按中文逗號/頓號分割。
天津医科大学,临床医学,2,第二轮“双一流”建设高校及建设学科名单 - 教育部,http://www.moe.gov.cn/srcsite/A22/s7065/202202/W020220214318455516037.pdf,2026-04-21,disciplineName 直接來自附件1中對應高校後的學科列表，按中文逗號/頓號分割。
天津中医药大学,中药学,2,第二轮“双一流”建设高校及建设学科名单 - 教育部,http://www.moe.gov.cn/srcsite/A22/s7065/202202/W020220214318455516037.pdf,2026-04-21,disciplineName 直接來自附件1中對應高校後的學科列表，按中文逗號/頓號分割。
华北电力大学,电气工程,2,第二轮“双一流”建设高校及建设学科名单 - 教育部,http://www.moe.gov.cn/srcsite/A22/s7065/202202/W020220214318455516037.pdf,2026-04-21,disciplineName 直接來自附件1中對應高校後的學科列表，按中文逗號/頓號分割。
河北工业大学,电气工程,2,第二轮“双一流”建设高校及建设学科名单 - 教育部,http://www.moe.gov.cn/srcsite/A22/s7065/202202/W020220214318455516037.pdf,2026-04-21,disciplineName 直接來自附件1中對應高校後的學科列表，按中文逗號/頓號分割。
山西大学,哲学,2,第二轮“双一流”建设高校及建设学科名单 - 教育部,http://www.moe.gov.cn/srcsite/A22/s7065/202202/W020220214318455516037.pdf,2026-04-21,disciplineName 直接來自附件1中對應高校後的學科列表，按中文逗號/頓號分割。
山西大学,物理学,2,第二轮“双一流”建设高校及建设学科名单 - 教育部,http://www.moe.gov.cn/srcsite/A22/s7065/202202/W020220214318455516037.pdf,2026-04-21,disciplineName 直接來自附件1中對應高校後的學科列表，按中文逗號/頓號分割。
太原理工大学,化学工程与技术,2,第二轮“双一流”建设高校及建设学科名单 - 教育部,http://www.moe.gov.cn/srcsite/A22/s7065/202202/W020220214318455516037.pdf,2026-04-21,disciplineName 直接來自附件1中對應高校後的學科列表，按中文逗號/頓號分割。
内蒙古大学,生物学,2,第二轮“双一流”建设高校及建设学科名单 - 教育部,http://www.moe.gov.cn/srcsite/A22/s7065/202202/W020220214318455516037.pdf,2026-04-21,disciplineName 直接來自附件1中對應高校後的學科列表，按中文逗號/頓號分割。
辽宁大学,应用经济学,2,第二轮“双一流”建设高校及建设学科名单 - 教育部,http://www.moe.gov.cn/srcsite/A22/s7065/202202/W020220214318455516037.pdf,2026-04-21,disciplineName 直接來自附件1中對應高校後的學科列表，按中文逗號/頓號分割。
大连理工大学,力学,2,第二轮“双一流”建设高校及建设学科名单 - 教育部,http://www.moe.gov.cn/srcsite/A22/s7065/202202/W020220214318455516037.pdf,2026-04-21,disciplineName 直接來自附件1中對應高校後的學科列表，按中文逗號/頓號分割。
大连理工大学,机械工程,2,第二轮“双一流”建设高校及建设学科名单 - 教育部,http://www.moe.gov.cn/srcsite/A22/s7065/202202/W020220214318455516037.pdf,2026-04-21,disciplineName 直接來自附件1中對應高校後的學科列表，按中文逗號/頓號分割。
大连理工大学,化学工程与技术,2,第二轮“双一流”建设高校及建设学科名单 - 教育部,http://www.moe.gov.cn/srcsite/A22/s7065/202202/W020220214318455516037.pdf,2026-04-21,disciplineName 直接來自附件1中對應高校後的學科列表，按中文逗號/頓號分割。
东北大学,冶金工程,2,第二轮“双一流”建设高校及建设学科名单 - 教育部,http://www.moe.gov.cn/srcsite/A22/s7065/202202/W020220214318455516037.pdf,2026-04-21,disciplineName 直接來自附件1中對應高校後的學科列表，按中文逗號/頓號分割。
东北大学,控制科学与工程,2,第二轮“双一流”建设高校及建设学科名单 - 教育部,http://www.moe.gov.cn/srcsite/A22/s7065/202202/W020220214318455516037.pdf,2026-04-21,disciplineName 直接來自附件1中對應高校後的學科列表，按中文逗號/頓號分割。
大连海事大学,交通运输工程,2,第二轮“双一流”建设高校及建设学科名单 - 教育部,http://www.moe.gov.cn/srcsite/A22/s7065/202202/W020220214318455516037.pdf,2026-04-21,disciplineName 直接來自附件1中對應高校後的學科列表，按中文逗號/頓號分割。
吉林大学,考古学,2,第二轮“双一流”建设高校及建设学科名单 - 教育部,http://www.moe.gov.cn/srcsite/A22/s7065/202202/W020220214318455516037.pdf,2026-04-21,disciplineName 直接來自附件1中對應高校後的學科列表，按中文逗號/頓號分割。
吉林大学,数学,2,第二轮“双一流”建设高校及建设学科名单 - 教育部,http://www.moe.gov.cn/srcsite/A22/s7065/202202/W020220214318455516037.pdf,2026-04-21,disciplineName 直接來自附件1中對應高校後的學科列表，按中文逗號/頓號分割。
吉林大学,物理学,2,第二轮“双一流”建设高校及建设学科名单 - 教育部,http://www.moe.gov.cn/srcsite/A22/s7065/202202/W020220214318455516037.pdf,2026-04-21,disciplineName 直接來自附件1中對應高校後的學科列表，按中文逗號/頓號分割。
吉林大学,化学,2,第二轮“双一流”建设高校及建设学科名单 - 教育部,http://www.moe.gov.cn/srcsite/A22/s7065/202202/W020220214318455516037.pdf,2026-04-21,disciplineName 直接來自附件1中對應高校後的學科列表，按中文逗號/頓號分割。
吉林大学,生物学,2,第二轮“双一流”建设高校及建设学科名单 - 教育部,http://www.moe.gov.cn/srcsite/A22/s7065/202202/W020220214318455516037.pdf,2026-04-21,disciplineName 直接來自附件1中對應高校後的學科列表，按中文逗號/頓號分割。
吉林大学,材料科学与 工程,2,第二轮“双一流”建设高校及建设学科名单 - 教育部,http://www.moe.gov.cn/srcsite/A22/s7065/202202/W020220214318455516037.pdf,2026-04-21,disciplineName 直接來自附件1中對應高校後的學科列表，按中文逗號/頓號分割。
延边大学,外国语言文学,2,第二轮“双一流”建设高校及建设学科名单 - 教育部,http://www.moe.gov.cn/srcsite/A22/s7065/202202/W020220214318455516037.pdf,2026-04-21,disciplineName 直接來自附件1中對應高校後的學科列表，按中文逗號/頓號分割。
东北师范大学,马克思主义理论,2,第二轮“双一流”建设高校及建设学科名单 - 教育部,http://www.moe.gov.cn/srcsite/A22/s7065/202202/W020220214318455516037.pdf,2026-04-21,disciplineName 直接來自附件1中對應高校後的學科列表，按中文逗號/頓號分割。
东北师范大学,教育学,2,第二轮“双一流”建设高校及建设学科名单 - 教育部,http://www.moe.gov.cn/srcsite/A22/s7065/202202/W020220214318455516037.pdf,2026-04-21,disciplineName 直接來自附件1中對應高校後的學科列表，按中文逗號/頓號分割。
东北师范大学,世界史,2,第二轮“双一流”建设高校及建设学科名单 - 教育部,http://www.moe.gov.cn/srcsite/A22/s7065/202202/W020220214318455516037.pdf,2026-04-21,disciplineName 直接來自附件1中對應高校後的學科列表，按中文逗號/頓號分割。
东北师范大学,化学,2,第二轮“双一流”建设高校及建设学科名单 - 教育部,http://www.moe.gov.cn/srcsite/A22/s7065/202202/W020220214318455516037.pdf,2026-04-21,disciplineName 直接來自附件1中對應高校後的學科列表，按中文逗號/頓號分割。
东北师范大学,统计 学,2,第二轮“双一流”建设高校及建设学科名单 - 教育部,http://www.moe.gov.cn/srcsite/A22/s7065/202202/W020220214318455516037.pdf,2026-04-21,disciplineName 直接來自附件1中對應高校後的學科列表，按中文逗號/頓號分割。
东北师范大学,材料科学与工程,2,第二轮“双一流”建设高校及建设学科名单 - 教育部,http://www.moe.gov.cn/srcsite/A22/s7065/202202/W020220214318455516037.pdf,2026-04-21,disciplineName 直接來自附件1中對應高校後的學科列表，按中文逗號/頓號分割。
哈尔滨工业大学,力学,2,第二轮“双一流”建设高校及建设学科名单 - 教育部,http://www.moe.gov.cn/srcsite/A22/s7065/202202/W020220214318455516037.pdf,2026-04-21,disciplineName 直接來自附件1中對應高校後的學科列表，按中文逗號/頓號分割。
哈尔滨工业大学,机械工程,2,第二轮“双一流”建设高校及建设学科名单 - 教育部,http://www.moe.gov.cn/srcsite/A22/s7065/202202/W020220214318455516037.pdf,2026-04-21,disciplineName 直接來自附件1中對應高校後的學科列表，按中文逗號/頓號分割。
哈尔滨工业大学,材料科学与工程,2,第二轮“双一流”建设高校及建设学科名单 - 教育部,http://www.moe.gov.cn/srcsite/A22/s7065/202202/W020220214318455516037.pdf,2026-04-21,disciplineName 直接來自附件1中對應高校後的學科列表，按中文逗號/頓號分割。
哈尔滨工业大学,控制科学 与工程,2,第二轮“双一流”建设高校及建设学科名单 - 教育部,http://www.moe.gov.cn/srcsite/A22/s7065/202202/W020220214318455516037.pdf,2026-04-21,disciplineName 直接來自附件1中對應高校後的學科列表，按中文逗號/頓號分割。
哈尔滨工业大学,计算机科学与技术,2,第二轮“双一流”建设高校及建设学科名单 - 教育部,http://www.moe.gov.cn/srcsite/A22/s7065/202202/W020220214318455516037.pdf,2026-04-21,disciplineName 直接來自附件1中對應高校後的學科列表，按中文逗號/頓號分割。
哈尔滨工业大学,土木工程,2,第二轮“双一流”建设高校及建设学科名单 - 教育部,http://www.moe.gov.cn/srcsite/A22/s7065/202202/W020220214318455516037.pdf,2026-04-21,disciplineName 直接來自附件1中對應高校後的學科列表，按中文逗號/頓號分割。
哈尔滨工业大学,航空宇航科学与技术,2,第二轮“双一流”建设高校及建设学科名单 - 教育部,http://www.moe.gov.cn/srcsite/A22/s7065/202202/W020220214318455516037.pdf,2026-04-21,disciplineName 直接來自附件1中對應高校後的學科列表，按中文逗號/頓號分割。
哈尔滨工业大学,环境 科学与工程,2,第二轮“双一流”建设高校及建设学科名单 - 教育部,http://www.moe.gov.cn/srcsite/A22/s7065/202202/W020220214318455516037.pdf,2026-04-21,disciplineName 直接來自附件1中對應高校後的學科列表，按中文逗號/頓號分割。
哈尔滨工程大学,船舶与海洋工程,2,第二轮“双一流”建设高校及建设学科名单 - 教育部,http://www.moe.gov.cn/srcsite/A22/s7065/202202/W020220214318455516037.pdf,2026-04-21,disciplineName 直接來自附件1中對應高校後的學科列表，按中文逗號/頓號分割。
东北农业大学,畜牧学,2,第二轮“双一流”建设高校及建设学科名单 - 教育部,http://www.moe.gov.cn/srcsite/A22/s7065/202202/W020220214318455516037.pdf,2026-04-21,disciplineName 直接來自附件1中對應高校後的學科列表，按中文逗號/頓號分割。
东北林业大学,林业工程,2,第二轮“双一流”建设高校及建设学科名单 - 教育部,http://www.moe.gov.cn/srcsite/A22/s7065/202202/W020220214318455516037.pdf,2026-04-21,disciplineName 直接來自附件1中對應高校後的學科列表，按中文逗號/頓號分割。
东北林业大学,林学,2,第二轮“双一流”建设高校及建设学科名单 - 教育部,http://www.moe.gov.cn/srcsite/A22/s7065/202202/W020220214318455516037.pdf,2026-04-21,disciplineName 直接來自附件1中對應高校後的學科列表，按中文逗號/頓號分割。
复旦大学,哲学,2,第二轮“双一流”建设高校及建设学科名单 - 教育部,http://www.moe.gov.cn/srcsite/A22/s7065/202202/W020220214318455516037.pdf,2026-04-21,disciplineName 直接來自附件1中對應高校後的學科列表，按中文逗號/頓號分割。
复旦大学,应用经济学,2,第二轮“双一流”建设高校及建设学科名单 - 教育部,http://www.moe.gov.cn/srcsite/A22/s7065/202202/W020220214318455516037.pdf,2026-04-21,disciplineName 直接來自附件1中對應高校後的學科列表，按中文逗號/頓號分割。
复旦大学,政治学,2,第二轮“双一流”建设高校及建设学科名单 - 教育部,http://www.moe.gov.cn/srcsite/A22/s7065/202202/W020220214318455516037.pdf,2026-04-21,disciplineName 直接來自附件1中對應高校後的學科列表，按中文逗號/頓號分割。
复旦大学,马克思主义理论,2,第二轮“双一流”建设高校及建设学科名单 - 教育部,http://www.moe.gov.cn/srcsite/A22/s7065/202202/W020220214318455516037.pdf,2026-04-21,disciplineName 直接來自附件1中對應高校後的學科列表，按中文逗號/頓號分割。
复旦大学,中国 语言文学,2,第二轮“双一流”建设高校及建设学科名单 - 教育部,http://www.moe.gov.cn/srcsite/A22/s7065/202202/W020220214318455516037.pdf,2026-04-21,disciplineName 直接來自附件1中對應高校後的學科列表，按中文逗號/頓號分割。
复旦大学,外国语言文学,2,第二轮“双一流”建设高校及建设学科名单 - 教育部,http://www.moe.gov.cn/srcsite/A22/s7065/202202/W020220214318455516037.pdf,2026-04-21,disciplineName 直接來自附件1中對應高校後的學科列表，按中文逗號/頓號分割。
复旦大学,中国史,2,第二轮“双一流”建设高校及建设学科名单 - 教育部,http://www.moe.gov.cn/srcsite/A22/s7065/202202/W020220214318455516037.pdf,2026-04-21,disciplineName 直接來自附件1中對應高校後的學科列表，按中文逗號/頓號分割。
复旦大学,数学,2,第二轮“双一流”建设高校及建设学科名单 - 教育部,http://www.moe.gov.cn/srcsite/A22/s7065/202202/W020220214318455516037.pdf,2026-04-21,disciplineName 直接來自附件1中對應高校後的學科列表，按中文逗號/頓號分割。
复旦大学,物理学,2,第二轮“双一流”建设高校及建设学科名单 - 教育部,http://www.moe.gov.cn/srcsite/A22/s7065/202202/W020220214318455516037.pdf,2026-04-21,disciplineName 直接來自附件1中對應高校後的學科列表，按中文逗號/頓號分割。
复旦大学,化学,2,第二轮“双一流”建设高校及建设学科名单 - 教育部,http://www.moe.gov.cn/srcsite/A22/s7065/202202/W020220214318455516037.pdf,2026-04-21,disciplineName 直接來自附件1中對應高校後的學科列表，按中文逗號/頓號分割。
复旦大学,生物学,2,第二轮“双一流”建设高校及建设学科名单 - 教育部,http://www.moe.gov.cn/srcsite/A22/s7065/202202/W020220214318455516037.pdf,2026-04-21,disciplineName 直接來自附件1中對應高校後的學科列表，按中文逗號/頓號分割。
复旦大学,生态学,2,第二轮“双一流”建设高校及建设学科名单 - 教育部,http://www.moe.gov.cn/srcsite/A22/s7065/202202/W020220214318455516037.pdf,2026-04-21,disciplineName 直接來自附件1中對應高校後的學科列表，按中文逗號/頓號分割。
复旦大学,材料科学与工程,2,第二轮“双一流”建设高校及建设学科名单 - 教育部,http://www.moe.gov.cn/srcsite/A22/s7065/202202/W020220214318455516037.pdf,2026-04-21,disciplineName 直接來自附件1中對應高校後的學科列表，按中文逗號/頓號分割。
复旦大学,环境科学与工程,2,第二轮“双一流”建设高校及建设学科名单 - 教育部,http://www.moe.gov.cn/srcsite/A22/s7065/202202/W020220214318455516037.pdf,2026-04-21,disciplineName 直接來自附件1中對應高校後的學科列表，按中文逗號/頓號分割。
复旦大学,基础医学,2,第二轮“双一流”建设高校及建设学科名单 - 教育部,http://www.moe.gov.cn/srcsite/A22/s7065/202202/W020220214318455516037.pdf,2026-04-21,disciplineName 直接來自附件1中對應高校後的學科列表，按中文逗號/頓號分割。
复旦大学,临床医学,2,第二轮“双一流”建设高校及建设学科名单 - 教育部,http://www.moe.gov.cn/srcsite/A22/s7065/202202/W020220214318455516037.pdf,2026-04-21,disciplineName 直接來自附件1中對應高校後的學科列表，按中文逗號/頓號分割。
复旦大学,公共卫生与预防医学,2,第二轮“双一流”建设高校及建设学科名单 - 教育部,http://www.moe.gov.cn/srcsite/A22/s7065/202202/W020220214318455516037.pdf,2026-04-21,disciplineName 直接來自附件1中對應高校後的學科列表，按中文逗號/頓號分割。
复旦大学,中西医结合,2,第二轮“双一流”建设高校及建设学科名单 - 教育部,http://www.moe.gov.cn/srcsite/A22/s7065/202202/W020220214318455516037.pdf,2026-04-21,disciplineName 直接來自附件1中對應高校後的學科列表，按中文逗號/頓號分割。
复旦大学,药学,2,第二轮“双一流”建设高校及建设学科名单 - 教育部,http://www.moe.gov.cn/srcsite/A22/s7065/202202/W020220214318455516037.pdf,2026-04-21,disciplineName 直接來自附件1中對應高校後的學科列表，按中文逗號/頓號分割。
复旦大学,集成电路科学与工程,2,第二轮“双一流”建设高校及建设学科名单 - 教育部,http://www.moe.gov.cn/srcsite/A22/s7065/202202/W020220214318455516037.pdf,2026-04-21,disciplineName 直接來自附件1中對應高校後的學科列表，按中文逗號/頓號分割。
同济大学,生物学,2,第二轮“双一流”建设高校及建设学科名单 - 教育部,http://www.moe.gov.cn/srcsite/A22/s7065/202202/W020220214318455516037.pdf,2026-04-21,disciplineName 直接來自附件1中對應高校後的學科列表，按中文逗號/頓號分割。
同济大学,建筑学,2,第二轮“双一流”建设高校及建设学科名单 - 教育部,http://www.moe.gov.cn/srcsite/A22/s7065/202202/W020220214318455516037.pdf,2026-04-21,disciplineName 直接來自附件1中對應高校後的學科列表，按中文逗號/頓號分割。
同济大学,土木工程,2,第二轮“双一流”建设高校及建设学科名单 - 教育部,http://www.moe.gov.cn/srcsite/A22/s7065/202202/W020220214318455516037.pdf,2026-04-21,disciplineName 直接來自附件1中對應高校後的學科列表，按中文逗號/頓號分割。
同济大学,测绘科学与技术,2,第二轮“双一流”建设高校及建设学科名单 - 教育部,http://www.moe.gov.cn/srcsite/A22/s7065/202202/W020220214318455516037.pdf,2026-04-21,disciplineName 直接來自附件1中對應高校後的學科列表，按中文逗號/頓號分割。
同济大学,环境 科学与工程,2,第二轮“双一流”建设高校及建设学科名单 - 教育部,http://www.moe.gov.cn/srcsite/A22/s7065/202202/W020220214318455516037.pdf,2026-04-21,disciplineName 直接來自附件1中對應高校後的學科列表，按中文逗號/頓號分割。
同济大学,城乡规划学,2,第二轮“双一流”建设高校及建设学科名单 - 教育部,http://www.moe.gov.cn/srcsite/A22/s7065/202202/W020220214318455516037.pdf,2026-04-21,disciplineName 直接來自附件1中對應高校後的學科列表，按中文逗號/頓號分割。
同济大学,风景园林学,2,第二轮“双一流”建设高校及建设学科名单 - 教育部,http://www.moe.gov.cn/srcsite/A22/s7065/202202/W020220214318455516037.pdf,2026-04-21,disciplineName 直接來自附件1中對應高校後的學科列表，按中文逗號/頓號分割。
同济大学,设计学,2,第二轮“双一流”建设高校及建设学科名单 - 教育部,http://www.moe.gov.cn/srcsite/A22/s7065/202202/W020220214318455516037.pdf,2026-04-21,disciplineName 直接來自附件1中對應高校後的學科列表，按中文逗號/頓號分割。
上海交通大学,数学,2,第二轮“双一流”建设高校及建设学科名单 - 教育部,http://www.moe.gov.cn/srcsite/A22/s7065/202202/W020220214318455516037.pdf,2026-04-21,disciplineName 直接來自附件1中對應高校後的學科列表，按中文逗號/頓號分割。
上海交通大学,物理学,2,第二轮“双一流”建设高校及建设学科名单 - 教育部,http://www.moe.gov.cn/srcsite/A22/s7065/202202/W020220214318455516037.pdf,2026-04-21,disciplineName 直接來自附件1中對應高校後的學科列表，按中文逗號/頓號分割。
上海交通大学,化学,2,第二轮“双一流”建设高校及建设学科名单 - 教育部,http://www.moe.gov.cn/srcsite/A22/s7065/202202/W020220214318455516037.pdf,2026-04-21,disciplineName 直接來自附件1中對應高校後的學科列表，按中文逗號/頓號分割。
上海交通大学,生物学,2,第二轮“双一流”建设高校及建设学科名单 - 教育部,http://www.moe.gov.cn/srcsite/A22/s7065/202202/W020220214318455516037.pdf,2026-04-21,disciplineName 直接來自附件1中對應高校後的學科列表，按中文逗號/頓號分割。
上海交通大学,机械工程,2,第二轮“双一流”建设高校及建设学科名单 - 教育部,http://www.moe.gov.cn/srcsite/A22/s7065/202202/W020220214318455516037.pdf,2026-04-21,disciplineName 直接來自附件1中對應高校後的學科列表，按中文逗號/頓號分割。
上海交通大学,材料 科学与工程,2,第二轮“双一流”建设高校及建设学科名单 - 教育部,http://www.moe.gov.cn/srcsite/A22/s7065/202202/W020220214318455516037.pdf,2026-04-21,disciplineName 直接來自附件1中對應高校後的學科列表，按中文逗號/頓號分割。
上海交通大学,电子科学与技术,2,第二轮“双一流”建设高校及建设学科名单 - 教育部,http://www.moe.gov.cn/srcsite/A22/s7065/202202/W020220214318455516037.pdf,2026-04-21,disciplineName 直接來自附件1中對應高校後的學科列表，按中文逗號/頓號分割。
上海交通大学,信息与通信工程,2,第二轮“双一流”建设高校及建设学科名单 - 教育部,http://www.moe.gov.cn/srcsite/A22/s7065/202202/W020220214318455516037.pdf,2026-04-21,disciplineName 直接來自附件1中對應高校後的學科列表，按中文逗號/頓號分割。
上海交通大学,控制科学与工程,2,第二轮“双一流”建设高校及建设学科名单 - 教育部,http://www.moe.gov.cn/srcsite/A22/s7065/202202/W020220214318455516037.pdf,2026-04-21,disciplineName 直接來自附件1中對應高校後的學科列表，按中文逗號/頓號分割。
上海交通大学,计算机科学与技术,2,第二轮“双一流”建设高校及建设学科名单 - 教育部,http://www.moe.gov.cn/srcsite/A22/s7065/202202/W020220214318455516037.pdf,2026-04-21,disciplineName 直接來自附件1中對應高校後的學科列表，按中文逗號/頓號分割。
上海交通大学,土木工程,2,第二轮“双一流”建设高校及建设学科名单 - 教育部,http://www.moe.gov.cn/srcsite/A22/s7065/202202/W020220214318455516037.pdf,2026-04-21,disciplineName 直接來自附件1中對應高校後的學科列表，按中文逗號/頓號分割。
上海交通大学,化学工程与技术,2,第二轮“双一流”建设高校及建设学科名单 - 教育部,http://www.moe.gov.cn/srcsite/A22/s7065/202202/W020220214318455516037.pdf,2026-04-21,disciplineName 直接來自附件1中對應高校後的學科列表，按中文逗號/頓號分割。
上海交通大学,船舶与海洋工程,2,第二轮“双一流”建设高校及建设学科名单 - 教育部,http://www.moe.gov.cn/srcsite/A22/s7065/202202/W020220214318455516037.pdf,2026-04-21,disciplineName 直接來自附件1中對應高校後的學科列表，按中文逗號/頓號分割。
上海交通大学,基础医学,2,第二轮“双一流”建设高校及建设学科名单 - 教育部,http://www.moe.gov.cn/srcsite/A22/s7065/202202/W020220214318455516037.pdf,2026-04-21,disciplineName 直接來自附件1中對應高校後的學科列表，按中文逗號/頓號分割。
上海交通大学,临床医学,2,第二轮“双一流”建设高校及建设学科名单 - 教育部,http://www.moe.gov.cn/srcsite/A22/s7065/202202/W020220214318455516037.pdf,2026-04-21,disciplineName 直接來自附件1中對應高校後的學科列表，按中文逗號/頓號分割。
上海交通大学,口腔医学,2,第二轮“双一流”建设高校及建设学科名单 - 教育部,http://www.moe.gov.cn/srcsite/A22/s7065/202202/W020220214318455516037.pdf,2026-04-21,disciplineName 直接來自附件1中對應高校後的學科列表，按中文逗號/頓號分割。
上海交通大学,药学,2,第二轮“双一流”建设高校及建设学科名单 - 教育部,http://www.moe.gov.cn/srcsite/A22/s7065/202202/W020220214318455516037.pdf,2026-04-21,disciplineName 直接來自附件1中對應高校後的學科列表，按中文逗號/頓號分割。
上海交通大学,工商管理,2,第二轮“双一流”建设高校及建设学科名单 - 教育部,http://www.moe.gov.cn/srcsite/A22/s7065/202202/W020220214318455516037.pdf,2026-04-21,disciplineName 直接來自附件1中對應高校後的學科列表，按中文逗號/頓號分割。
华东理工大学,化学,2,第二轮“双一流”建设高校及建设学科名单 - 教育部,http://www.moe.gov.cn/srcsite/A22/s7065/202202/W020220214318455516037.pdf,2026-04-21,disciplineName 直接來自附件1中對應高校後的學科列表，按中文逗號/頓號分割。
华东理工大学,材料科学与工程,2,第二轮“双一流”建设高校及建设学科名单 - 教育部,http://www.moe.gov.cn/srcsite/A22/s7065/202202/W020220214318455516037.pdf,2026-04-21,disciplineName 直接來自附件1中對應高校後的學科列表，按中文逗號/頓號分割。
华东理工大学,化学工程与技术,2,第二轮“双一流”建设高校及建设学科名单 - 教育部,http://www.moe.gov.cn/srcsite/A22/s7065/202202/W020220214318455516037.pdf,2026-04-21,disciplineName 直接來自附件1中對應高校後的學科列表，按中文逗號/頓號分割。
东华大学,材料科学与工程,2,第二轮“双一流”建设高校及建设学科名单 - 教育部,http://www.moe.gov.cn/srcsite/A22/s7065/202202/W020220214318455516037.pdf,2026-04-21,disciplineName 直接來自附件1中對應高校後的學科列表，按中文逗號/頓號分割。
东华大学,纺织科学与工程,2,第二轮“双一流”建设高校及建设学科名单 - 教育部,http://www.moe.gov.cn/srcsite/A22/s7065/202202/W020220214318455516037.pdf,2026-04-21,disciplineName 直接來自附件1中對應高校後的學科列表，按中文逗號/頓號分割。
上海海洋大学,水产,2,第二轮“双一流”建设高校及建设学科名单 - 教育部,http://www.moe.gov.cn/srcsite/A22/s7065/202202/W020220214318455516037.pdf,2026-04-21,disciplineName 直接來自附件1中對應高校後的學科列表，按中文逗號/頓號分割。
上海中医药大学,中医学,2,第二轮“双一流”建设高校及建设学科名单 - 教育部,http://www.moe.gov.cn/srcsite/A22/s7065/202202/W020220214318455516037.pdf,2026-04-21,disciplineName 直接來自附件1中對應高校後的學科列表，按中文逗號/頓號分割。
上海中医药大学,中药学,2,第二轮“双一流”建设高校及建设学科名单 - 教育部,http://www.moe.gov.cn/srcsite/A22/s7065/202202/W020220214318455516037.pdf,2026-04-21,disciplineName 直接來自附件1中對應高校後的學科列表，按中文逗號/頓號分割。
华东师范大学,教育学,2,第二轮“双一流”建设高校及建设学科名单 - 教育部,http://www.moe.gov.cn/srcsite/A22/s7065/202202/W020220214318455516037.pdf,2026-04-21,disciplineName 直接來自附件1中對應高校後的學科列表，按中文逗號/頓號分割。
华东师范大学,生态学,2,第二轮“双一流”建设高校及建设学科名单 - 教育部,http://www.moe.gov.cn/srcsite/A22/s7065/202202/W020220214318455516037.pdf,2026-04-21,disciplineName 直接來自附件1中對應高校後的學科列表，按中文逗號/頓號分割。
华东师范大学,统计学,2,第二轮“双一流”建设高校及建设学科名单 - 教育部,http://www.moe.gov.cn/srcsite/A22/s7065/202202/W020220214318455516037.pdf,2026-04-21,disciplineName 直接來自附件1中對應高校後的學科列表，按中文逗號/頓號分割。
上海外国语大学,外国语言文学,2,第二轮“双一流”建设高校及建设学科名单 - 教育部,http://www.moe.gov.cn/srcsite/A22/s7065/202202/W020220214318455516037.pdf,2026-04-21,disciplineName 直接來自附件1中對應高校後的學科列表，按中文逗號/頓號分割。
上海财经大学,应用经济学,2,第二轮“双一流”建设高校及建设学科名单 - 教育部,http://www.moe.gov.cn/srcsite/A22/s7065/202202/W020220214318455516037.pdf,2026-04-21,disciplineName 直接來自附件1中對應高校後的學科列表，按中文逗號/頓號分割。
上海体育学院,体育学,2,第二轮“双一流”建设高校及建设学科名单 - 教育部,http://www.moe.gov.cn/srcsite/A22/s7065/202202/W020220214318455516037.pdf,2026-04-21,disciplineName 直接來自附件1中對應高校後的學科列表，按中文逗號/頓號分割。
上海音乐学院,音乐与舞蹈学,2,第二轮“双一流”建设高校及建设学科名单 - 教育部,http://www.moe.gov.cn/srcsite/A22/s7065/202202/W020220214318455516037.pdf,2026-04-21,disciplineName 直接來自附件1中對應高校後的學科列表，按中文逗號/頓號分割。
上海大学,机械工程,2,第二轮“双一流”建设高校及建设学科名单 - 教育部,http://www.moe.gov.cn/srcsite/A22/s7065/202202/W020220214318455516037.pdf,2026-04-21,disciplineName 直接來自附件1中對應高校後的學科列表，按中文逗號/頓號分割。
南京大学,哲学,2,第二轮“双一流”建设高校及建设学科名单 - 教育部,http://www.moe.gov.cn/srcsite/A22/s7065/202202/W020220214318455516037.pdf,2026-04-21,disciplineName 直接來自附件1中對應高校後的學科列表，按中文逗號/頓號分割。
南京大学,理论经济学,2,第二轮“双一流”建设高校及建设学科名单 - 教育部,http://www.moe.gov.cn/srcsite/A22/s7065/202202/W020220214318455516037.pdf,2026-04-21,disciplineName 直接來自附件1中對應高校後的學科列表，按中文逗號/頓號分割。
南京大学,中国语言文学,2,第二轮“双一流”建设高校及建设学科名单 - 教育部,http://www.moe.gov.cn/srcsite/A22/s7065/202202/W020220214318455516037.pdf,2026-04-21,disciplineName 直接來自附件1中對應高校後的學科列表，按中文逗號/頓號分割。
南京大学,外国语言文学,2,第二轮“双一流”建设高校及建设学科名单 - 教育部,http://www.moe.gov.cn/srcsite/A22/s7065/202202/W020220214318455516037.pdf,2026-04-21,disciplineName 直接來自附件1中對應高校後的學科列表，按中文逗號/頓號分割。
南京大学,物理学,2,第二轮“双一流”建设高校及建设学科名单 - 教育部,http://www.moe.gov.cn/srcsite/A22/s7065/202202/W020220214318455516037.pdf,2026-04-21,disciplineName 直接來自附件1中對應高校後的學科列表，按中文逗號/頓號分割。
南京大学,化学,2,第二轮“双一流”建设高校及建设学科名单 - 教育部,http://www.moe.gov.cn/srcsite/A22/s7065/202202/W020220214318455516037.pdf,2026-04-21,disciplineName 直接來自附件1中對應高校後的學科列表，按中文逗號/頓號分割。
南京大学,天文学,2,第二轮“双一流”建设高校及建设学科名单 - 教育部,http://www.moe.gov.cn/srcsite/A22/s7065/202202/W020220214318455516037.pdf,2026-04-21,disciplineName 直接來自附件1中對應高校後的學科列表，按中文逗號/頓號分割。
南京大学,大气科学,2,第二轮“双一流”建设高校及建设学科名单 - 教育部,http://www.moe.gov.cn/srcsite/A22/s7065/202202/W020220214318455516037.pdf,2026-04-21,disciplineName 直接來自附件1中對應高校後的學科列表，按中文逗號/頓號分割。
南京大学,地质学,2,第二轮“双一流”建设高校及建设学科名单 - 教育部,http://www.moe.gov.cn/srcsite/A22/s7065/202202/W020220214318455516037.pdf,2026-04-21,disciplineName 直接來自附件1中對應高校後的學科列表，按中文逗號/頓號分割。
南京大学,生物学,2,第二轮“双一流”建设高校及建设学科名单 - 教育部,http://www.moe.gov.cn/srcsite/A22/s7065/202202/W020220214318455516037.pdf,2026-04-21,disciplineName 直接來自附件1中對應高校後的學科列表，按中文逗號/頓號分割。
南京大学,材料科学与工 程,2,第二轮“双一流”建设高校及建设学科名单 - 教育部,http://www.moe.gov.cn/srcsite/A22/s7065/202202/W020220214318455516037.pdf,2026-04-21,disciplineName 直接來自附件1中對應高校後的學科列表，按中文逗號/頓號分割。
南京大学,计算机科学与技术,2,第二轮“双一流”建设高校及建设学科名单 - 教育部,http://www.moe.gov.cn/srcsite/A22/s7065/202202/W020220214318455516037.pdf,2026-04-21,disciplineName 直接來自附件1中對應高校後的學科列表，按中文逗號/頓號分割。
南京大学,化学工程与技术,2,第二轮“双一流”建设高校及建设学科名单 - 教育部,http://www.moe.gov.cn/srcsite/A22/s7065/202202/W020220214318455516037.pdf,2026-04-21,disciplineName 直接來自附件1中對應高校後的學科列表，按中文逗號/頓號分割。
南京大学,矿业工程,2,第二轮“双一流”建设高校及建设学科名单 - 教育部,http://www.moe.gov.cn/srcsite/A22/s7065/202202/W020220214318455516037.pdf,2026-04-21,disciplineName 直接來自附件1中對應高校後的學科列表，按中文逗號/頓號分割。
南京大学,环境科学与工 程,2,第二轮“双一流”建设高校及建设学科名单 - 教育部,http://www.moe.gov.cn/srcsite/A22/s7065/202202/W020220214318455516037.pdf,2026-04-21,disciplineName 直接來自附件1中對應高校後的學科列表，按中文逗號/頓號分割。
南京大学,图书情报与档案管理,2,第二轮“双一流”建设高校及建设学科名单 - 教育部,http://www.moe.gov.cn/srcsite/A22/s7065/202202/W020220214318455516037.pdf,2026-04-21,disciplineName 直接來自附件1中對應高校後的學科列表，按中文逗號/頓號分割。
苏州大学,材料科学与工程,2,第二轮“双一流”建设高校及建设学科名单 - 教育部,http://www.moe.gov.cn/srcsite/A22/s7065/202202/W020220214318455516037.pdf,2026-04-21,disciplineName 直接來自附件1中對應高校後的學科列表，按中文逗號/頓號分割。
东南大学,机械工程,2,第二轮“双一流”建设高校及建设学科名单 - 教育部,http://www.moe.gov.cn/srcsite/A22/s7065/202202/W020220214318455516037.pdf,2026-04-21,disciplineName 直接來自附件1中對應高校後的學科列表，按中文逗號/頓號分割。
东南大学,材料科学与工程,2,第二轮“双一流”建设高校及建设学科名单 - 教育部,http://www.moe.gov.cn/srcsite/A22/s7065/202202/W020220214318455516037.pdf,2026-04-21,disciplineName 直接來自附件1中對應高校後的學科列表，按中文逗號/頓號分割。
东南大学,电子科学与技术,2,第二轮“双一流”建设高校及建设学科名单 - 教育部,http://www.moe.gov.cn/srcsite/A22/s7065/202202/W020220214318455516037.pdf,2026-04-21,disciplineName 直接來自附件1中對應高校後的學科列表，按中文逗號/頓號分割。
东南大学,信息 与通信工程,2,第二轮“双一流”建设高校及建设学科名单 - 教育部,http://www.moe.gov.cn/srcsite/A22/s7065/202202/W020220214318455516037.pdf,2026-04-21,disciplineName 直接來自附件1中對應高校後的學科列表，按中文逗號/頓號分割。
东南大学,控制科学与工程,2,第二轮“双一流”建设高校及建设学科名单 - 教育部,http://www.moe.gov.cn/srcsite/A22/s7065/202202/W020220214318455516037.pdf,2026-04-21,disciplineName 直接來自附件1中對應高校後的學科列表，按中文逗號/頓號分割。
东南大学,计算机科学与技术,2,第二轮“双一流”建设高校及建设学科名单 - 教育部,http://www.moe.gov.cn/srcsite/A22/s7065/202202/W020220214318455516037.pdf,2026-04-21,disciplineName 直接來自附件1中對應高校後的學科列表，按中文逗號/頓號分割。
东南大学,建筑学,2,第二轮“双一流”建设高校及建设学科名单 - 教育部,http://www.moe.gov.cn/srcsite/A22/s7065/202202/W020220214318455516037.pdf,2026-04-21,disciplineName 直接來自附件1中對應高校後的學科列表，按中文逗號/頓號分割。
东南大学,土木工 程,2,第二轮“双一流”建设高校及建设学科名单 - 教育部,http://www.moe.gov.cn/srcsite/A22/s7065/202202/W020220214318455516037.pdf,2026-04-21,disciplineName 直接來自附件1中對應高校後的學科列表，按中文逗號/頓號分割。
东南大学,交通运输工程,2,第二轮“双一流”建设高校及建设学科名单 - 教育部,http://www.moe.gov.cn/srcsite/A22/s7065/202202/W020220214318455516037.pdf,2026-04-21,disciplineName 直接來自附件1中對應高校後的學科列表，按中文逗號/頓號分割。
东南大学,生物医学工程,2,第二轮“双一流”建设高校及建设学科名单 - 教育部,http://www.moe.gov.cn/srcsite/A22/s7065/202202/W020220214318455516037.pdf,2026-04-21,disciplineName 直接來自附件1中對應高校後的學科列表，按中文逗號/頓號分割。
东南大学,风景园林学,2,第二轮“双一流”建设高校及建设学科名单 - 教育部,http://www.moe.gov.cn/srcsite/A22/s7065/202202/W020220214318455516037.pdf,2026-04-21,disciplineName 直接來自附件1中對應高校後的學科列表，按中文逗號/頓號分割。
东南大学,艺术学理论,2,第二轮“双一流”建设高校及建设学科名单 - 教育部,http://www.moe.gov.cn/srcsite/A22/s7065/202202/W020220214318455516037.pdf,2026-04-21,disciplineName 直接來自附件1中對應高校後的學科列表，按中文逗號/頓號分割。
南京航空航天大学,力学,2,第二轮“双一流”建设高校及建设学科名单 - 教育部,http://www.moe.gov.cn/srcsite/A22/s7065/202202/W020220214318455516037.pdf,2026-04-21,disciplineName 直接來自附件1中對應高校後的學科列表，按中文逗號/頓號分割。
南京航空航天大学,控制科学与工程,2,第二轮“双一流”建设高校及建设学科名单 - 教育部,http://www.moe.gov.cn/srcsite/A22/s7065/202202/W020220214318455516037.pdf,2026-04-21,disciplineName 直接來自附件1中對應高校後的學科列表，按中文逗號/頓號分割。
南京航空航天大学,航空宇航科学与技 术,2,第二轮“双一流”建设高校及建设学科名单 - 教育部,http://www.moe.gov.cn/srcsite/A22/s7065/202202/W020220214318455516037.pdf,2026-04-21,disciplineName 直接來自附件1中對應高校後的學科列表，按中文逗號/頓號分割。
南京理工大学,兵器科学与技术,2,第二轮“双一流”建设高校及建设学科名单 - 教育部,http://www.moe.gov.cn/srcsite/A22/s7065/202202/W020220214318455516037.pdf,2026-04-21,disciplineName 直接來自附件1中對應高校後的學科列表，按中文逗號/頓號分割。
中国矿业大学,矿业工程,2,第二轮“双一流”建设高校及建设学科名单 - 教育部,http://www.moe.gov.cn/srcsite/A22/s7065/202202/W020220214318455516037.pdf,2026-04-21,disciplineName 直接來自附件1中對應高校後的學科列表，按中文逗號/頓號分割。
中国矿业大学,安全科学与工程,2,第二轮“双一流”建设高校及建设学科名单 - 教育部,http://www.moe.gov.cn/srcsite/A22/s7065/202202/W020220214318455516037.pdf,2026-04-21,disciplineName 直接來自附件1中對應高校後的學科列表，按中文逗號/頓號分割。
南京邮电大学,电子科学与技术,2,第二轮“双一流”建设高校及建设学科名单 - 教育部,http://www.moe.gov.cn/srcsite/A22/s7065/202202/W020220214318455516037.pdf,2026-04-21,disciplineName 直接來自附件1中對應高校後的學科列表，按中文逗號/頓號分割。
河海大学,水利工程,2,第二轮“双一流”建设高校及建设学科名单 - 教育部,http://www.moe.gov.cn/srcsite/A22/s7065/202202/W020220214318455516037.pdf,2026-04-21,disciplineName 直接來自附件1中對應高校後的學科列表，按中文逗號/頓號分割。
河海大学,环境科学与工程,2,第二轮“双一流”建设高校及建设学科名单 - 教育部,http://www.moe.gov.cn/srcsite/A22/s7065/202202/W020220214318455516037.pdf,2026-04-21,disciplineName 直接來自附件1中對應高校後的學科列表，按中文逗號/頓號分割。
江南大学,轻工技术与工程,2,第二轮“双一流”建设高校及建设学科名单 - 教育部,http://www.moe.gov.cn/srcsite/A22/s7065/202202/W020220214318455516037.pdf,2026-04-21,disciplineName 直接來自附件1中對應高校後的學科列表，按中文逗號/頓號分割。
江南大学,食品科学与工程,2,第二轮“双一流”建设高校及建设学科名单 - 教育部,http://www.moe.gov.cn/srcsite/A22/s7065/202202/W020220214318455516037.pdf,2026-04-21,disciplineName 直接來自附件1中對應高校後的學科列表，按中文逗號/頓號分割。
南京林业大学,林业工程,2,第二轮“双一流”建设高校及建设学科名单 - 教育部,http://www.moe.gov.cn/srcsite/A22/s7065/202202/W020220214318455516037.pdf,2026-04-21,disciplineName 直接來自附件1中對應高校後的學科列表，按中文逗號/頓號分割。
南京信息工程大学,大气科学,2,第二轮“双一流”建设高校及建设学科名单 - 教育部,http://www.moe.gov.cn/srcsite/A22/s7065/202202/W020220214318455516037.pdf,2026-04-21,disciplineName 直接來自附件1中對應高校後的學科列表，按中文逗號/頓號分割。
南京农业大学,作物学,2,第二轮“双一流”建设高校及建设学科名单 - 教育部,http://www.moe.gov.cn/srcsite/A22/s7065/202202/W020220214318455516037.pdf,2026-04-21,disciplineName 直接來自附件1中對應高校後的學科列表，按中文逗號/頓號分割。
南京农业大学,农业资源与环境,2,第二轮“双一流”建设高校及建设学科名单 - 教育部,http://www.moe.gov.cn/srcsite/A22/s7065/202202/W020220214318455516037.pdf,2026-04-21,disciplineName 直接來自附件1中對應高校後的學科列表，按中文逗號/頓號分割。
南京医科大学,公共卫生与预防医学,2,第二轮“双一流”建设高校及建设学科名单 - 教育部,http://www.moe.gov.cn/srcsite/A22/s7065/202202/W020220214318455516037.pdf,2026-04-21,disciplineName 直接來自附件1中對應高校後的學科列表，按中文逗號/頓號分割。
南京中医药大学,中药学,2,第二轮“双一流”建设高校及建设学科名单 - 教育部,http://www.moe.gov.cn/srcsite/A22/s7065/202202/W020220214318455516037.pdf,2026-04-21,disciplineName 直接來自附件1中對應高校後的學科列表，按中文逗號/頓號分割。
中国药科大学,中药学,2,第二轮“双一流”建设高校及建设学科名单 - 教育部,http://www.moe.gov.cn/srcsite/A22/s7065/202202/W020220214318455516037.pdf,2026-04-21,disciplineName 直接來自附件1中對應高校後的學科列表，按中文逗號/頓號分割。
南京师范大学,地理学,2,第二轮“双一流”建设高校及建设学科名单 - 教育部,http://www.moe.gov.cn/srcsite/A22/s7065/202202/W020220214318455516037.pdf,2026-04-21,disciplineName 直接來自附件1中對應高校後的學科列表，按中文逗號/頓號分割。
浙江大学,化学,2,第二轮“双一流”建设高校及建设学科名单 - 教育部,http://www.moe.gov.cn/srcsite/A22/s7065/202202/W020220214318455516037.pdf,2026-04-21,disciplineName 直接來自附件1中對應高校後的學科列表，按中文逗號/頓號分割。
浙江大学,生物学,2,第二轮“双一流”建设高校及建设学科名单 - 教育部,http://www.moe.gov.cn/srcsite/A22/s7065/202202/W020220214318455516037.pdf,2026-04-21,disciplineName 直接來自附件1中對應高校後的學科列表，按中文逗號/頓號分割。
浙江大学,生态学,2,第二轮“双一流”建设高校及建设学科名单 - 教育部,http://www.moe.gov.cn/srcsite/A22/s7065/202202/W020220214318455516037.pdf,2026-04-21,disciplineName 直接來自附件1中對應高校後的學科列表，按中文逗號/頓號分割。
浙江大学,机械工程,2,第二轮“双一流”建设高校及建设学科名单 - 教育部,http://www.moe.gov.cn/srcsite/A22/s7065/202202/W020220214318455516037.pdf,2026-04-21,disciplineName 直接來自附件1中對應高校後的學科列表，按中文逗號/頓號分割。
浙江大学,光学工程,2,第二轮“双一流”建设高校及建设学科名单 - 教育部,http://www.moe.gov.cn/srcsite/A22/s7065/202202/W020220214318455516037.pdf,2026-04-21,disciplineName 直接來自附件1中對應高校後的學科列表，按中文逗號/頓號分割。
浙江大学,材料 科学与工程,2,第二轮“双一流”建设高校及建设学科名单 - 教育部,http://www.moe.gov.cn/srcsite/A22/s7065/202202/W020220214318455516037.pdf,2026-04-21,disciplineName 直接來自附件1中對應高校後的學科列表，按中文逗號/頓號分割。
浙江大学,动力工程及工程热物理,2,第二轮“双一流”建设高校及建设学科名单 - 教育部,http://www.moe.gov.cn/srcsite/A22/s7065/202202/W020220214318455516037.pdf,2026-04-21,disciplineName 直接來自附件1中對應高校後的學科列表，按中文逗號/頓號分割。
浙江大学,电气工程,2,第二轮“双一流”建设高校及建设学科名单 - 教育部,http://www.moe.gov.cn/srcsite/A22/s7065/202202/W020220214318455516037.pdf,2026-04-21,disciplineName 直接來自附件1中對應高校後的學科列表，按中文逗號/頓號分割。
浙江大学,控制科学与工程,2,第二轮“双一流”建设高校及建设学科名单 - 教育部,http://www.moe.gov.cn/srcsite/A22/s7065/202202/W020220214318455516037.pdf,2026-04-21,disciplineName 直接來自附件1中對應高校後的學科列表，按中文逗號/頓號分割。
浙江大学,计算机科学与技术,2,第二轮“双一流”建设高校及建设学科名单 - 教育部,http://www.moe.gov.cn/srcsite/A22/s7065/202202/W020220214318455516037.pdf,2026-04-21,disciplineName 直接來自附件1中對應高校後的學科列表，按中文逗號/頓號分割。
浙江大学,土木工程,2,第二轮“双一流”建设高校及建设学科名单 - 教育部,http://www.moe.gov.cn/srcsite/A22/s7065/202202/W020220214318455516037.pdf,2026-04-21,disciplineName 直接來自附件1中對應高校後的學科列表，按中文逗號/頓號分割。
浙江大学,农业工程,2,第二轮“双一流”建设高校及建设学科名单 - 教育部,http://www.moe.gov.cn/srcsite/A22/s7065/202202/W020220214318455516037.pdf,2026-04-21,disciplineName 直接來自附件1中對應高校後的學科列表，按中文逗號/頓號分割。
浙江大学,环境科学与工程,2,第二轮“双一流”建设高校及建设学科名单 - 教育部,http://www.moe.gov.cn/srcsite/A22/s7065/202202/W020220214318455516037.pdf,2026-04-21,disciplineName 直接來自附件1中對應高校後的學科列表，按中文逗號/頓號分割。
浙江大学,软件工 程,2,第二轮“双一流”建设高校及建设学科名单 - 教育部,http://www.moe.gov.cn/srcsite/A22/s7065/202202/W020220214318455516037.pdf,2026-04-21,disciplineName 直接來自附件1中對應高校後的學科列表，按中文逗號/頓號分割。
浙江大学,园艺学,2,第二轮“双一流”建设高校及建设学科名单 - 教育部,http://www.moe.gov.cn/srcsite/A22/s7065/202202/W020220214318455516037.pdf,2026-04-21,disciplineName 直接來自附件1中對應高校後的學科列表，按中文逗號/頓號分割。
浙江大学,植物保护,2,第二轮“双一流”建设高校及建设学科名单 - 教育部,http://www.moe.gov.cn/srcsite/A22/s7065/202202/W020220214318455516037.pdf,2026-04-21,disciplineName 直接來自附件1中對應高校後的學科列表，按中文逗號/頓號分割。
浙江大学,基础医学,2,第二轮“双一流”建设高校及建设学科名单 - 教育部,http://www.moe.gov.cn/srcsite/A22/s7065/202202/W020220214318455516037.pdf,2026-04-21,disciplineName 直接來自附件1中對應高校後的學科列表，按中文逗號/頓號分割。
浙江大学,临床医学,2,第二轮“双一流”建设高校及建设学科名单 - 教育部,http://www.moe.gov.cn/srcsite/A22/s7065/202202/W020220214318455516037.pdf,2026-04-21,disciplineName 直接來自附件1中對應高校後的學科列表，按中文逗號/頓號分割。
浙江大学,药学,2,第二轮“双一流”建设高校及建设学科名单 - 教育部,http://www.moe.gov.cn/srcsite/A22/s7065/202202/W020220214318455516037.pdf,2026-04-21,disciplineName 直接來自附件1中對應高校後的學科列表，按中文逗號/頓號分割。
浙江大学,管理科学与工 程,2,第二轮“双一流”建设高校及建设学科名单 - 教育部,http://www.moe.gov.cn/srcsite/A22/s7065/202202/W020220214318455516037.pdf,2026-04-21,disciplineName 直接來自附件1中對應高校後的學科列表，按中文逗號/頓號分割。
浙江大学,农林经济管理,2,第二轮“双一流”建设高校及建设学科名单 - 教育部,http://www.moe.gov.cn/srcsite/A22/s7065/202202/W020220214318455516037.pdf,2026-04-21,disciplineName 直接來自附件1中對應高校後的學科列表，按中文逗號/頓號分割。
中国美术学院,美术学,2,第二轮“双一流”建设高校及建设学科名单 - 教育部,http://www.moe.gov.cn/srcsite/A22/s7065/202202/W020220214318455516037.pdf,2026-04-21,disciplineName 直接來自附件1中對應高校後的學科列表，按中文逗號/頓號分割。
安徽大学,材料科学与工程,2,第二轮“双一流”建设高校及建设学科名单 - 教育部,http://www.moe.gov.cn/srcsite/A22/s7065/202202/W020220214318455516037.pdf,2026-04-21,disciplineName 直接來自附件1中對應高校後的學科列表，按中文逗號/頓號分割。
中国科学技术大学,数学,2,第二轮“双一流”建设高校及建设学科名单 - 教育部,http://www.moe.gov.cn/srcsite/A22/s7065/202202/W020220214318455516037.pdf,2026-04-21,disciplineName 直接來自附件1中對應高校後的學科列表，按中文逗號/頓號分割。
中国科学技术大学,物理学,2,第二轮“双一流”建设高校及建设学科名单 - 教育部,http://www.moe.gov.cn/srcsite/A22/s7065/202202/W020220214318455516037.pdf,2026-04-21,disciplineName 直接來自附件1中對應高校後的學科列表，按中文逗號/頓號分割。
中国科学技术大学,化学,2,第二轮“双一流”建设高校及建设学科名单 - 教育部,http://www.moe.gov.cn/srcsite/A22/s7065/202202/W020220214318455516037.pdf,2026-04-21,disciplineName 直接來自附件1中對應高校後的學科列表，按中文逗號/頓號分割。
中国科学技术大学,天文学,2,第二轮“双一流”建设高校及建设学科名单 - 教育部,http://www.moe.gov.cn/srcsite/A22/s7065/202202/W020220214318455516037.pdf,2026-04-21,disciplineName 直接來自附件1中對應高校後的學科列表，按中文逗號/頓號分割。
中国科学技术大学,地球物理学,2,第二轮“双一流”建设高校及建设学科名单 - 教育部,http://www.moe.gov.cn/srcsite/A22/s7065/202202/W020220214318455516037.pdf,2026-04-21,disciplineName 直接來自附件1中對應高校後的學科列表，按中文逗號/頓號分割。
中国科学技术大学,生物学,2,第二轮“双一流”建设高校及建设学科名单 - 教育部,http://www.moe.gov.cn/srcsite/A22/s7065/202202/W020220214318455516037.pdf,2026-04-21,disciplineName 直接來自附件1中對應高校後的學科列表，按中文逗號/頓號分割。
中国科学技术大学,科学技术史,2,第二轮“双一流”建设高校及建设学科名单 - 教育部,http://www.moe.gov.cn/srcsite/A22/s7065/202202/W020220214318455516037.pdf,2026-04-21,disciplineName 直接來自附件1中對應高校後的學科列表，按中文逗號/頓號分割。
中国科学技术大学,材料科学与工程,2,第二轮“双一流”建设高校及建设学科名单 - 教育部,http://www.moe.gov.cn/srcsite/A22/s7065/202202/W020220214318455516037.pdf,2026-04-21,disciplineName 直接來自附件1中對應高校後的學科列表，按中文逗號/頓號分割。
中国科学技术大学,计算机科学与技术,2,第二轮“双一流”建设高校及建设学科名单 - 教育部,http://www.moe.gov.cn/srcsite/A22/s7065/202202/W020220214318455516037.pdf,2026-04-21,disciplineName 直接來自附件1中對應高校後的學科列表，按中文逗號/頓號分割。
中国科学技术大学,核科学 与技术,2,第二轮“双一流”建设高校及建设学科名单 - 教育部,http://www.moe.gov.cn/srcsite/A22/s7065/202202/W020220214318455516037.pdf,2026-04-21,disciplineName 直接來自附件1中對應高校後的學科列表，按中文逗號/頓號分割。
中国科学技术大学,安全科学与工程,2,第二轮“双一流”建设高校及建设学科名单 - 教育部,http://www.moe.gov.cn/srcsite/A22/s7065/202202/W020220214318455516037.pdf,2026-04-21,disciplineName 直接來自附件1中對應高校後的學科列表，按中文逗號/頓號分割。
合肥工业大学,管理科学与工程,2,第二轮“双一流”建设高校及建设学科名单 - 教育部,http://www.moe.gov.cn/srcsite/A22/s7065/202202/W020220214318455516037.pdf,2026-04-21,disciplineName 直接來自附件1中對應高校後的學科列表，按中文逗號/頓號分割。
厦门大学,教育学,2,第二轮“双一流”建设高校及建设学科名单 - 教育部,http://www.moe.gov.cn/srcsite/A22/s7065/202202/W020220214318455516037.pdf,2026-04-21,disciplineName 直接來自附件1中對應高校後的學科列表，按中文逗號/頓號分割。
厦门大学,化学,2,第二轮“双一流”建设高校及建设学科名单 - 教育部,http://www.moe.gov.cn/srcsite/A22/s7065/202202/W020220214318455516037.pdf,2026-04-21,disciplineName 直接來自附件1中對應高校後的學科列表，按中文逗號/頓號分割。
厦门大学,海洋科学,2,第二轮“双一流”建设高校及建设学科名单 - 教育部,http://www.moe.gov.cn/srcsite/A22/s7065/202202/W020220214318455516037.pdf,2026-04-21,disciplineName 直接來自附件1中對應高校後的學科列表，按中文逗號/頓號分割。
厦门大学,生物学,2,第二轮“双一流”建设高校及建设学科名单 - 教育部,http://www.moe.gov.cn/srcsite/A22/s7065/202202/W020220214318455516037.pdf,2026-04-21,disciplineName 直接來自附件1中對應高校後的學科列表，按中文逗號/頓號分割。
厦门大学,生态学,2,第二轮“双一流”建设高校及建设学科名单 - 教育部,http://www.moe.gov.cn/srcsite/A22/s7065/202202/W020220214318455516037.pdf,2026-04-21,disciplineName 直接來自附件1中對應高校後的學科列表，按中文逗號/頓號分割。
厦门大学,统计学,2,第二轮“双一流”建设高校及建设学科名单 - 教育部,http://www.moe.gov.cn/srcsite/A22/s7065/202202/W020220214318455516037.pdf,2026-04-21,disciplineName 直接來自附件1中對應高校後的學科列表，按中文逗號/頓號分割。
福州大学,化学,2,第二轮“双一流”建设高校及建设学科名单 - 教育部,http://www.moe.gov.cn/srcsite/A22/s7065/202202/W020220214318455516037.pdf,2026-04-21,disciplineName 直接來自附件1中對應高校後的學科列表，按中文逗號/頓號分割。
南昌大学,材料科学与工程,2,第二轮“双一流”建设高校及建设学科名单 - 教育部,http://www.moe.gov.cn/srcsite/A22/s7065/202202/W020220214318455516037.pdf,2026-04-21,disciplineName 直接來自附件1中對應高校後的學科列表，按中文逗號/頓號分割。
山东大学,中国语言文学,2,第二轮“双一流”建设高校及建设学科名单 - 教育部,http://www.moe.gov.cn/srcsite/A22/s7065/202202/W020220214318455516037.pdf,2026-04-21,disciplineName 直接來自附件1中對應高校後的學科列表，按中文逗號/頓號分割。
山东大学,数学,2,第二轮“双一流”建设高校及建设学科名单 - 教育部,http://www.moe.gov.cn/srcsite/A22/s7065/202202/W020220214318455516037.pdf,2026-04-21,disciplineName 直接來自附件1中對應高校後的學科列表，按中文逗號/頓號分割。
山东大学,化学,2,第二轮“双一流”建设高校及建设学科名单 - 教育部,http://www.moe.gov.cn/srcsite/A22/s7065/202202/W020220214318455516037.pdf,2026-04-21,disciplineName 直接來自附件1中對應高校後的學科列表，按中文逗號/頓號分割。
山东大学,临床医学,2,第二轮“双一流”建设高校及建设学科名单 - 教育部,http://www.moe.gov.cn/srcsite/A22/s7065/202202/W020220214318455516037.pdf,2026-04-21,disciplineName 直接來自附件1中對應高校後的學科列表，按中文逗號/頓號分割。
中国海洋大学,海洋科学,2,第二轮“双一流”建设高校及建设学科名单 - 教育部,http://www.moe.gov.cn/srcsite/A22/s7065/202202/W020220214318455516037.pdf,2026-04-21,disciplineName 直接來自附件1中對應高校後的學科列表，按中文逗號/頓號分割。
中国海洋大学,水产,2,第二轮“双一流”建设高校及建设学科名单 - 教育部,http://www.moe.gov.cn/srcsite/A22/s7065/202202/W020220214318455516037.pdf,2026-04-21,disciplineName 直接來自附件1中對應高校後的學科列表，按中文逗號/頓號分割。
中国石油大学（华东）,地质资源与地质工程,2,第二轮“双一流”建设高校及建设学科名单 - 教育部,http://www.moe.gov.cn/srcsite/A22/s7065/202202/W020220214318455516037.pdf,2026-04-21,disciplineName 直接來自附件1中對應高校後的學科列表，按中文逗號/頓號分割。
中国石油大学（华东）,石油与天然气工 程,2,第二轮“双一流”建设高校及建设学科名单 - 教育部,http://www.moe.gov.cn/srcsite/A22/s7065/202202/W020220214318455516037.pdf,2026-04-21,disciplineName 直接來自附件1中對應高校後的學科列表，按中文逗號/頓號分割。
郑州大学,化学,2,第二轮“双一流”建设高校及建设学科名单 - 教育部,http://www.moe.gov.cn/srcsite/A22/s7065/202202/W020220214318455516037.pdf,2026-04-21,disciplineName 直接來自附件1中對應高校後的學科列表，按中文逗號/頓號分割。
郑州大学,材料科学与工程,2,第二轮“双一流”建设高校及建设学科名单 - 教育部,http://www.moe.gov.cn/srcsite/A22/s7065/202202/W020220214318455516037.pdf,2026-04-21,disciplineName 直接來自附件1中對應高校後的學科列表，按中文逗號/頓號分割。
郑州大学,临床医学,2,第二轮“双一流”建设高校及建设学科名单 - 教育部,http://www.moe.gov.cn/srcsite/A22/s7065/202202/W020220214318455516037.pdf,2026-04-21,disciplineName 直接來自附件1中對應高校後的學科列表，按中文逗號/頓號分割。
河南大学,生物学,2,第二轮“双一流”建设高校及建设学科名单 - 教育部,http://www.moe.gov.cn/srcsite/A22/s7065/202202/W020220214318455516037.pdf,2026-04-21,disciplineName 直接來自附件1中對應高校後的學科列表，按中文逗號/頓號分割。
武汉大学,理论经济学,2,第二轮“双一流”建设高校及建设学科名单 - 教育部,http://www.moe.gov.cn/srcsite/A22/s7065/202202/W020220214318455516037.pdf,2026-04-21,disciplineName 直接來自附件1中對應高校後的學科列表，按中文逗號/頓號分割。
武汉大学,法学,2,第二轮“双一流”建设高校及建设学科名单 - 教育部,http://www.moe.gov.cn/srcsite/A22/s7065/202202/W020220214318455516037.pdf,2026-04-21,disciplineName 直接來自附件1中對應高校後的學科列表，按中文逗號/頓號分割。
武汉大学,马克思主义理论,2,第二轮“双一流”建设高校及建设学科名单 - 教育部,http://www.moe.gov.cn/srcsite/A22/s7065/202202/W020220214318455516037.pdf,2026-04-21,disciplineName 直接來自附件1中對應高校後的學科列表，按中文逗號/頓號分割。
武汉大学,化学,2,第二轮“双一流”建设高校及建设学科名单 - 教育部,http://www.moe.gov.cn/srcsite/A22/s7065/202202/W020220214318455516037.pdf,2026-04-21,disciplineName 直接來自附件1中對應高校後的學科列表，按中文逗號/頓號分割。
武汉大学,地球物 理学,2,第二轮“双一流”建设高校及建设学科名单 - 教育部,http://www.moe.gov.cn/srcsite/A22/s7065/202202/W020220214318455516037.pdf,2026-04-21,disciplineName 直接來自附件1中對應高校後的學科列表，按中文逗號/頓號分割。
武汉大学,生物学,2,第二轮“双一流”建设高校及建设学科名单 - 教育部,http://www.moe.gov.cn/srcsite/A22/s7065/202202/W020220214318455516037.pdf,2026-04-21,disciplineName 直接來自附件1中對應高校後的學科列表，按中文逗號/頓號分割。
武汉大学,土木工程,2,第二轮“双一流”建设高校及建设学科名单 - 教育部,http://www.moe.gov.cn/srcsite/A22/s7065/202202/W020220214318455516037.pdf,2026-04-21,disciplineName 直接來自附件1中對應高校後的學科列表，按中文逗號/頓號分割。
武汉大学,水利工程,2,第二轮“双一流”建设高校及建设学科名单 - 教育部,http://www.moe.gov.cn/srcsite/A22/s7065/202202/W020220214318455516037.pdf,2026-04-21,disciplineName 直接來自附件1中對應高校後的學科列表，按中文逗號/頓號分割。
武汉大学,测绘科学与技术,2,第二轮“双一流”建设高校及建设学科名单 - 教育部,http://www.moe.gov.cn/srcsite/A22/s7065/202202/W020220214318455516037.pdf,2026-04-21,disciplineName 直接來自附件1中對應高校後的學科列表，按中文逗號/頓號分割。
武汉大学,口腔医学,2,第二轮“双一流”建设高校及建设学科名单 - 教育部,http://www.moe.gov.cn/srcsite/A22/s7065/202202/W020220214318455516037.pdf,2026-04-21,disciplineName 直接來自附件1中對應高校後的學科列表，按中文逗號/頓號分割。
武汉大学,图书情报与档案管理,2,第二轮“双一流”建设高校及建设学科名单 - 教育部,http://www.moe.gov.cn/srcsite/A22/s7065/202202/W020220214318455516037.pdf,2026-04-21,disciplineName 直接來自附件1中對應高校後的學科列表，按中文逗號/頓號分割。
华中科技大学,机械工程,2,第二轮“双一流”建设高校及建设学科名单 - 教育部,http://www.moe.gov.cn/srcsite/A22/s7065/202202/W020220214318455516037.pdf,2026-04-21,disciplineName 直接來自附件1中對應高校後的學科列表，按中文逗號/頓號分割。
华中科技大学,光学工程,2,第二轮“双一流”建设高校及建设学科名单 - 教育部,http://www.moe.gov.cn/srcsite/A22/s7065/202202/W020220214318455516037.pdf,2026-04-21,disciplineName 直接來自附件1中對應高校後的學科列表，按中文逗號/頓號分割。
华中科技大学,材料科学与工程,2,第二轮“双一流”建设高校及建设学科名单 - 教育部,http://www.moe.gov.cn/srcsite/A22/s7065/202202/W020220214318455516037.pdf,2026-04-21,disciplineName 直接來自附件1中對應高校後的學科列表，按中文逗號/頓號分割。
华中科技大学,动力工 程及工程热物理,2,第二轮“双一流”建设高校及建设学科名单 - 教育部,http://www.moe.gov.cn/srcsite/A22/s7065/202202/W020220214318455516037.pdf,2026-04-21,disciplineName 直接來自附件1中對應高校後的學科列表，按中文逗號/頓號分割。
华中科技大学,电气工程,2,第二轮“双一流”建设高校及建设学科名单 - 教育部,http://www.moe.gov.cn/srcsite/A22/s7065/202202/W020220214318455516037.pdf,2026-04-21,disciplineName 直接來自附件1中對應高校後的學科列表，按中文逗號/頓號分割。
华中科技大学,计算机科学与技术,2,第二轮“双一流”建设高校及建设学科名单 - 教育部,http://www.moe.gov.cn/srcsite/A22/s7065/202202/W020220214318455516037.pdf,2026-04-21,disciplineName 直接來自附件1中對應高校後的學科列表，按中文逗號/頓號分割。
华中科技大学,基础医学,2,第二轮“双一流”建设高校及建设学科名单 - 教育部,http://www.moe.gov.cn/srcsite/A22/s7065/202202/W020220214318455516037.pdf,2026-04-21,disciplineName 直接來自附件1中對應高校後的學科列表，按中文逗號/頓號分割。
华中科技大学,临床医 学,2,第二轮“双一流”建设高校及建设学科名单 - 教育部,http://www.moe.gov.cn/srcsite/A22/s7065/202202/W020220214318455516037.pdf,2026-04-21,disciplineName 直接來自附件1中對應高校後的學科列表，按中文逗號/頓號分割。
华中科技大学,公共卫生与预防医学,2,第二轮“双一流”建设高校及建设学科名单 - 教育部,http://www.moe.gov.cn/srcsite/A22/s7065/202202/W020220214318455516037.pdf,2026-04-21,disciplineName 直接來自附件1中對應高校後的學科列表，按中文逗號/頓號分割。
中国地质大学（武汉）,地质学,2,第二轮“双一流”建设高校及建设学科名单 - 教育部,http://www.moe.gov.cn/srcsite/A22/s7065/202202/W020220214318455516037.pdf,2026-04-21,disciplineName 直接來自附件1中對應高校後的學科列表，按中文逗號/頓號分割。
中国地质大学（武汉）,地质资源与地质工程,2,第二轮“双一流”建设高校及建设学科名单 - 教育部,http://www.moe.gov.cn/srcsite/A22/s7065/202202/W020220214318455516037.pdf,2026-04-21,disciplineName 直接來自附件1中對應高校後的學科列表，按中文逗號/頓號分割。
武汉理工大学,材料科学与工程,2,第二轮“双一流”建设高校及建设学科名单 - 教育部,http://www.moe.gov.cn/srcsite/A22/s7065/202202/W020220214318455516037.pdf,2026-04-21,disciplineName 直接來自附件1中對應高校後的學科列表，按中文逗號/頓號分割。
华中农业大学,生物学,2,第二轮“双一流”建设高校及建设学科名单 - 教育部,http://www.moe.gov.cn/srcsite/A22/s7065/202202/W020220214318455516037.pdf,2026-04-21,disciplineName 直接來自附件1中對應高校後的學科列表，按中文逗號/頓號分割。
华中农业大学,园艺学,2,第二轮“双一流”建设高校及建设学科名单 - 教育部,http://www.moe.gov.cn/srcsite/A22/s7065/202202/W020220214318455516037.pdf,2026-04-21,disciplineName 直接來自附件1中對應高校後的學科列表，按中文逗號/頓號分割。
华中农业大学,畜牧学,2,第二轮“双一流”建设高校及建设学科名单 - 教育部,http://www.moe.gov.cn/srcsite/A22/s7065/202202/W020220214318455516037.pdf,2026-04-21,disciplineName 直接來自附件1中對應高校後的學科列表，按中文逗號/頓號分割。
华中农业大学,兽医学,2,第二轮“双一流”建设高校及建设学科名单 - 教育部,http://www.moe.gov.cn/srcsite/A22/s7065/202202/W020220214318455516037.pdf,2026-04-21,disciplineName 直接來自附件1中對應高校後的學科列表，按中文逗號/頓號分割。
华中农业大学,农林经济管 理,2,第二轮“双一流”建设高校及建设学科名单 - 教育部,http://www.moe.gov.cn/srcsite/A22/s7065/202202/W020220214318455516037.pdf,2026-04-21,disciplineName 直接來自附件1中對應高校後的學科列表，按中文逗號/頓號分割。
华中师范大学,政治学,2,第二轮“双一流”建设高校及建设学科名单 - 教育部,http://www.moe.gov.cn/srcsite/A22/s7065/202202/W020220214318455516037.pdf,2026-04-21,disciplineName 直接來自附件1中對應高校後的學科列表，按中文逗號/頓號分割。
华中师范大学,教育学,2,第二轮“双一流”建设高校及建设学科名单 - 教育部,http://www.moe.gov.cn/srcsite/A22/s7065/202202/W020220214318455516037.pdf,2026-04-21,disciplineName 直接來自附件1中對應高校後的學科列表，按中文逗號/頓號分割。
华中师范大学,中国语言文学,2,第二轮“双一流”建设高校及建设学科名单 - 教育部,http://www.moe.gov.cn/srcsite/A22/s7065/202202/W020220214318455516037.pdf,2026-04-21,disciplineName 直接來自附件1中對應高校後的學科列表，按中文逗號/頓號分割。
中南财经政法大学,法学,2,第二轮“双一流”建设高校及建设学科名单 - 教育部,http://www.moe.gov.cn/srcsite/A22/s7065/202202/W020220214318455516037.pdf,2026-04-21,disciplineName 直接來自附件1中對應高校後的學科列表，按中文逗號/頓號分割。
湘潭大学,数学,2,第二轮“双一流”建设高校及建设学科名单 - 教育部,http://www.moe.gov.cn/srcsite/A22/s7065/202202/W020220214318455516037.pdf,2026-04-21,disciplineName 直接來自附件1中對應高校後的學科列表，按中文逗號/頓號分割。
湖南大学,化学,2,第二轮“双一流”建设高校及建设学科名单 - 教育部,http://www.moe.gov.cn/srcsite/A22/s7065/202202/W020220214318455516037.pdf,2026-04-21,disciplineName 直接來自附件1中對應高校後的學科列表，按中文逗號/頓號分割。
湖南大学,机械工程,2,第二轮“双一流”建设高校及建设学科名单 - 教育部,http://www.moe.gov.cn/srcsite/A22/s7065/202202/W020220214318455516037.pdf,2026-04-21,disciplineName 直接來自附件1中對應高校後的學科列表，按中文逗號/頓號分割。
湖南大学,电气工程,2,第二轮“双一流”建设高校及建设学科名单 - 教育部,http://www.moe.gov.cn/srcsite/A22/s7065/202202/W020220214318455516037.pdf,2026-04-21,disciplineName 直接來自附件1中對應高校後的學科列表，按中文逗號/頓號分割。
中南大学,数学,2,第二轮“双一流”建设高校及建设学科名单 - 教育部,http://www.moe.gov.cn/srcsite/A22/s7065/202202/W020220214318455516037.pdf,2026-04-21,disciplineName 直接來自附件1中對應高校後的學科列表，按中文逗號/頓號分割。
中南大学,材料科学与工程,2,第二轮“双一流”建设高校及建设学科名单 - 教育部,http://www.moe.gov.cn/srcsite/A22/s7065/202202/W020220214318455516037.pdf,2026-04-21,disciplineName 直接來自附件1中對應高校後的學科列表，按中文逗號/頓號分割。
中南大学,冶金工程,2,第二轮“双一流”建设高校及建设学科名单 - 教育部,http://www.moe.gov.cn/srcsite/A22/s7065/202202/W020220214318455516037.pdf,2026-04-21,disciplineName 直接來自附件1中對應高校後的學科列表，按中文逗號/頓號分割。
中南大学,矿业工程,2,第二轮“双一流”建设高校及建设学科名单 - 教育部,http://www.moe.gov.cn/srcsite/A22/s7065/202202/W020220214318455516037.pdf,2026-04-21,disciplineName 直接來自附件1中對應高校後的學科列表，按中文逗號/頓號分割。
中南大学,交通 运输工程,2,第二轮“双一流”建设高校及建设学科名单 - 教育部,http://www.moe.gov.cn/srcsite/A22/s7065/202202/W020220214318455516037.pdf,2026-04-21,disciplineName 直接來自附件1中對應高校後的學科列表，按中文逗號/頓號分割。
湖南师范大学,外国语言文学,2,第二轮“双一流”建设高校及建设学科名单 - 教育部,http://www.moe.gov.cn/srcsite/A22/s7065/202202/W020220214318455516037.pdf,2026-04-21,disciplineName 直接來自附件1中對應高校後的學科列表，按中文逗號/頓號分割。
中山大学,哲学,2,第二轮“双一流”建设高校及建设学科名单 - 教育部,http://www.moe.gov.cn/srcsite/A22/s7065/202202/W020220214318455516037.pdf,2026-04-21,disciplineName 直接來自附件1中對應高校後的學科列表，按中文逗號/頓號分割。
中山大学,数学,2,第二轮“双一流”建设高校及建设学科名单 - 教育部,http://www.moe.gov.cn/srcsite/A22/s7065/202202/W020220214318455516037.pdf,2026-04-21,disciplineName 直接來自附件1中對應高校後的學科列表，按中文逗號/頓號分割。
中山大学,化学,2,第二轮“双一流”建设高校及建设学科名单 - 教育部,http://www.moe.gov.cn/srcsite/A22/s7065/202202/W020220214318455516037.pdf,2026-04-21,disciplineName 直接來自附件1中對應高校後的學科列表，按中文逗號/頓號分割。
中山大学,生物学,2,第二轮“双一流”建设高校及建设学科名单 - 教育部,http://www.moe.gov.cn/srcsite/A22/s7065/202202/W020220214318455516037.pdf,2026-04-21,disciplineName 直接來自附件1中對應高校後的學科列表，按中文逗號/頓號分割。
中山大学,生态学,2,第二轮“双一流”建设高校及建设学科名单 - 教育部,http://www.moe.gov.cn/srcsite/A22/s7065/202202/W020220214318455516037.pdf,2026-04-21,disciplineName 直接來自附件1中對應高校後的學科列表，按中文逗號/頓號分割。
中山大学,材料科学与工 程,2,第二轮“双一流”建设高校及建设学科名单 - 教育部,http://www.moe.gov.cn/srcsite/A22/s7065/202202/W020220214318455516037.pdf,2026-04-21,disciplineName 直接來自附件1中對應高校後的學科列表，按中文逗號/頓號分割。
中山大学,电子科学与技术,2,第二轮“双一流”建设高校及建设学科名单 - 教育部,http://www.moe.gov.cn/srcsite/A22/s7065/202202/W020220214318455516037.pdf,2026-04-21,disciplineName 直接來自附件1中對應高校後的學科列表，按中文逗號/頓號分割。
中山大学,基础医学,2,第二轮“双一流”建设高校及建设学科名单 - 教育部,http://www.moe.gov.cn/srcsite/A22/s7065/202202/W020220214318455516037.pdf,2026-04-21,disciplineName 直接來自附件1中對應高校後的學科列表，按中文逗號/頓號分割。
中山大学,临床医学,2,第二轮“双一流”建设高校及建设学科名单 - 教育部,http://www.moe.gov.cn/srcsite/A22/s7065/202202/W020220214318455516037.pdf,2026-04-21,disciplineName 直接來自附件1中對應高校後的學科列表，按中文逗號/頓號分割。
中山大学,药学,2,第二轮“双一流”建设高校及建设学科名单 - 教育部,http://www.moe.gov.cn/srcsite/A22/s7065/202202/W020220214318455516037.pdf,2026-04-21,disciplineName 直接來自附件1中對應高校後的學科列表，按中文逗號/頓號分割。
中山大学,工商管理,2,第二轮“双一流”建设高校及建设学科名单 - 教育部,http://www.moe.gov.cn/srcsite/A22/s7065/202202/W020220214318455516037.pdf,2026-04-21,disciplineName 直接來自附件1中對應高校後的學科列表，按中文逗號/頓號分割。
暨南大学,药学,2,第二轮“双一流”建设高校及建设学科名单 - 教育部,http://www.moe.gov.cn/srcsite/A22/s7065/202202/W020220214318455516037.pdf,2026-04-21,disciplineName 直接來自附件1中對應高校後的學科列表，按中文逗號/頓號分割。
华南理工大学,化学,2,第二轮“双一流”建设高校及建设学科名单 - 教育部,http://www.moe.gov.cn/srcsite/A22/s7065/202202/W020220214318455516037.pdf,2026-04-21,disciplineName 直接來自附件1中對應高校後的學科列表，按中文逗號/頓號分割。
华南理工大学,材料科学与工程,2,第二轮“双一流”建设高校及建设学科名单 - 教育部,http://www.moe.gov.cn/srcsite/A22/s7065/202202/W020220214318455516037.pdf,2026-04-21,disciplineName 直接來自附件1中對應高校後的學科列表，按中文逗號/頓號分割。
华南理工大学,轻工技术与工程,2,第二轮“双一流”建设高校及建设学科名单 - 教育部,http://www.moe.gov.cn/srcsite/A22/s7065/202202/W020220214318455516037.pdf,2026-04-21,disciplineName 直接來自附件1中對應高校後的學科列表，按中文逗號/頓號分割。
华南理工大学,食品 科学与工程,2,第二轮“双一流”建设高校及建设学科名单 - 教育部,http://www.moe.gov.cn/srcsite/A22/s7065/202202/W020220214318455516037.pdf,2026-04-21,disciplineName 直接來自附件1中對應高校後的學科列表，按中文逗號/頓號分割。
华南农业大学,作物学,2,第二轮“双一流”建设高校及建设学科名单 - 教育部,http://www.moe.gov.cn/srcsite/A22/s7065/202202/W020220214318455516037.pdf,2026-04-21,disciplineName 直接來自附件1中對應高校後的學科列表，按中文逗號/頓號分割。
广州医科大学,临床医学,2,第二轮“双一流”建设高校及建设学科名单 - 教育部,http://www.moe.gov.cn/srcsite/A22/s7065/202202/W020220214318455516037.pdf,2026-04-21,disciplineName 直接來自附件1中對應高校後的學科列表，按中文逗號/頓號分割。
广州中医药大学,中医学,2,第二轮“双一流”建设高校及建设学科名单 - 教育部,http://www.moe.gov.cn/srcsite/A22/s7065/202202/W020220214318455516037.pdf,2026-04-21,disciplineName 直接來自附件1中對應高校後的學科列表，按中文逗號/頓號分割。
华南师范大学,物理学,2,第二轮“双一流”建设高校及建设学科名单 - 教育部,http://www.moe.gov.cn/srcsite/A22/s7065/202202/W020220214318455516037.pdf,2026-04-21,disciplineName 直接來自附件1中對應高校後的學科列表，按中文逗號/頓號分割。
海南大学,作物学,2,第二轮“双一流”建设高校及建设学科名单 - 教育部,http://www.moe.gov.cn/srcsite/A22/s7065/202202/W020220214318455516037.pdf,2026-04-21,disciplineName 直接來自附件1中對應高校後的學科列表，按中文逗號/頓號分割。
广西大学,土木工程,2,第二轮“双一流”建设高校及建设学科名单 - 教育部,http://www.moe.gov.cn/srcsite/A22/s7065/202202/W020220214318455516037.pdf,2026-04-21,disciplineName 直接來自附件1中對應高校後的學科列表，按中文逗號/頓號分割。
四川大学,数学,2,第二轮“双一流”建设高校及建设学科名单 - 教育部,http://www.moe.gov.cn/srcsite/A22/s7065/202202/W020220214318455516037.pdf,2026-04-21,disciplineName 直接來自附件1中對應高校後的學科列表，按中文逗號/頓號分割。
四川大学,化学,2,第二轮“双一流”建设高校及建设学科名单 - 教育部,http://www.moe.gov.cn/srcsite/A22/s7065/202202/W020220214318455516037.pdf,2026-04-21,disciplineName 直接來自附件1中對應高校後的學科列表，按中文逗號/頓號分割。
四川大学,材料科学与工程,2,第二轮“双一流”建设高校及建设学科名单 - 教育部,http://www.moe.gov.cn/srcsite/A22/s7065/202202/W020220214318455516037.pdf,2026-04-21,disciplineName 直接來自附件1中對應高校後的學科列表，按中文逗號/頓號分割。
四川大学,基础医学,2,第二轮“双一流”建设高校及建设学科名单 - 教育部,http://www.moe.gov.cn/srcsite/A22/s7065/202202/W020220214318455516037.pdf,2026-04-21,disciplineName 直接來自附件1中對應高校後的學科列表，按中文逗號/頓號分割。
四川大学,口腔医学,2,第二轮“双一流”建设高校及建设学科名单 - 教育部,http://www.moe.gov.cn/srcsite/A22/s7065/202202/W020220214318455516037.pdf,2026-04-21,disciplineName 直接來自附件1中對應高校後的學科列表，按中文逗號/頓號分割。
四川大学,护理学,2,第二轮“双一流”建设高校及建设学科名单 - 教育部,http://www.moe.gov.cn/srcsite/A22/s7065/202202/W020220214318455516037.pdf,2026-04-21,disciplineName 直接來自附件1中對應高校後的學科列表，按中文逗號/頓號分割。
重庆大学,机械工程,2,第二轮“双一流”建设高校及建设学科名单 - 教育部,http://www.moe.gov.cn/srcsite/A22/s7065/202202/W020220214318455516037.pdf,2026-04-21,disciplineName 直接來自附件1中對應高校後的學科列表，按中文逗號/頓號分割。
重庆大学,电气工程,2,第二轮“双一流”建设高校及建设学科名单 - 教育部,http://www.moe.gov.cn/srcsite/A22/s7065/202202/W020220214318455516037.pdf,2026-04-21,disciplineName 直接來自附件1中對應高校後的學科列表，按中文逗號/頓號分割。
重庆大学,土木工程,2,第二轮“双一流”建设高校及建设学科名单 - 教育部,http://www.moe.gov.cn/srcsite/A22/s7065/202202/W020220214318455516037.pdf,2026-04-21,disciplineName 直接來自附件1中對應高校後的學科列表，按中文逗號/頓號分割。
西南交通大学,交通运输工程,2,第二轮“双一流”建设高校及建设学科名单 - 教育部,http://www.moe.gov.cn/srcsite/A22/s7065/202202/W020220214318455516037.pdf,2026-04-21,disciplineName 直接來自附件1中對應高校後的學科列表，按中文逗號/頓號分割。
电子科技大学,电子科学与技术,2,第二轮“双一流”建设高校及建设学科名单 - 教育部,http://www.moe.gov.cn/srcsite/A22/s7065/202202/W020220214318455516037.pdf,2026-04-21,disciplineName 直接來自附件1中對應高校後的學科列表，按中文逗號/頓號分割。
电子科技大学,信息与通信工程,2,第二轮“双一流”建设高校及建设学科名单 - 教育部,http://www.moe.gov.cn/srcsite/A22/s7065/202202/W020220214318455516037.pdf,2026-04-21,disciplineName 直接來自附件1中對應高校後的學科列表，按中文逗號/頓號分割。
西南石油大学,石油与天然气工程,2,第二轮“双一流”建设高校及建设学科名单 - 教育部,http://www.moe.gov.cn/srcsite/A22/s7065/202202/W020220214318455516037.pdf,2026-04-21,disciplineName 直接來自附件1中對應高校後的學科列表，按中文逗號/頓號分割。
成都理工大学,地质资源与地质工程,2,第二轮“双一流”建设高校及建设学科名单 - 教育部,http://www.moe.gov.cn/srcsite/A22/s7065/202202/W020220214318455516037.pdf,2026-04-21,disciplineName 直接來自附件1中對應高校後的學科列表，按中文逗號/頓號分割。
四川农业大学,作物学,2,第二轮“双一流”建设高校及建设学科名单 - 教育部,http://www.moe.gov.cn/srcsite/A22/s7065/202202/W020220214318455516037.pdf,2026-04-21,disciplineName 直接來自附件1中對應高校後的學科列表，按中文逗號/頓號分割。
成都中医药大学,中药学,2,第二轮“双一流”建设高校及建设学科名单 - 教育部,http://www.moe.gov.cn/srcsite/A22/s7065/202202/W020220214318455516037.pdf,2026-04-21,disciplineName 直接來自附件1中對應高校後的學科列表，按中文逗號/頓號分割。
西南大学,教育学,2,第二轮“双一流”建设高校及建设学科名单 - 教育部,http://www.moe.gov.cn/srcsite/A22/s7065/202202/W020220214318455516037.pdf,2026-04-21,disciplineName 直接來自附件1中對應高校後的學科列表，按中文逗號/頓號分割。
西南大学,生物学,2,第二轮“双一流”建设高校及建设学科名单 - 教育部,http://www.moe.gov.cn/srcsite/A22/s7065/202202/W020220214318455516037.pdf,2026-04-21,disciplineName 直接來自附件1中對應高校後的學科列表，按中文逗號/頓號分割。
西南财经大学,应用经济学,2,第二轮“双一流”建设高校及建设学科名单 - 教育部,http://www.moe.gov.cn/srcsite/A22/s7065/202202/W020220214318455516037.pdf,2026-04-21,disciplineName 直接來自附件1中對應高校後的學科列表，按中文逗號/頓號分割。
贵州大学,植物保护,2,第二轮“双一流”建设高校及建设学科名单 - 教育部,http://www.moe.gov.cn/srcsite/A22/s7065/202202/W020220214318455516037.pdf,2026-04-21,disciplineName 直接來自附件1中對應高校後的學科列表，按中文逗號/頓號分割。
云南大学,民族学,2,第二轮“双一流”建设高校及建设学科名单 - 教育部,http://www.moe.gov.cn/srcsite/A22/s7065/202202/W020220214318455516037.pdf,2026-04-21,disciplineName 直接來自附件1中對應高校後的學科列表，按中文逗號/頓號分割。
云南大学,生态学,2,第二轮“双一流”建设高校及建设学科名单 - 教育部,http://www.moe.gov.cn/srcsite/A22/s7065/202202/W020220214318455516037.pdf,2026-04-21,disciplineName 直接來自附件1中對應高校後的學科列表，按中文逗號/頓號分割。
西藏大学,生态学,2,第二轮“双一流”建设高校及建设学科名单 - 教育部,http://www.moe.gov.cn/srcsite/A22/s7065/202202/W020220214318455516037.pdf,2026-04-21,disciplineName 直接來自附件1中對應高校後的學科列表，按中文逗號/頓號分割。
西北大学,考古学,2,第二轮“双一流”建设高校及建设学科名单 - 教育部,http://www.moe.gov.cn/srcsite/A22/s7065/202202/W020220214318455516037.pdf,2026-04-21,disciplineName 直接來自附件1中對應高校後的學科列表，按中文逗號/頓號分割。
西北大学,地质学,2,第二轮“双一流”建设高校及建设学科名单 - 教育部,http://www.moe.gov.cn/srcsite/A22/s7065/202202/W020220214318455516037.pdf,2026-04-21,disciplineName 直接來自附件1中對應高校後的學科列表，按中文逗號/頓號分割。
西安交通大学,力学,2,第二轮“双一流”建设高校及建设学科名单 - 教育部,http://www.moe.gov.cn/srcsite/A22/s7065/202202/W020220214318455516037.pdf,2026-04-21,disciplineName 直接來自附件1中對應高校後的學科列表，按中文逗號/頓號分割。
西安交通大学,机械工程,2,第二轮“双一流”建设高校及建设学科名单 - 教育部,http://www.moe.gov.cn/srcsite/A22/s7065/202202/W020220214318455516037.pdf,2026-04-21,disciplineName 直接來自附件1中對應高校後的學科列表，按中文逗號/頓號分割。
西安交通大学,材料科学与工程,2,第二轮“双一流”建设高校及建设学科名单 - 教育部,http://www.moe.gov.cn/srcsite/A22/s7065/202202/W020220214318455516037.pdf,2026-04-21,disciplineName 直接來自附件1中對應高校後的學科列表，按中文逗號/頓號分割。
西安交通大学,动力工程及 工程热物理,2,第二轮“双一流”建设高校及建设学科名单 - 教育部,http://www.moe.gov.cn/srcsite/A22/s7065/202202/W020220214318455516037.pdf,2026-04-21,disciplineName 直接來自附件1中對應高校後的學科列表，按中文逗號/頓號分割。
西安交通大学,电气工程,2,第二轮“双一流”建设高校及建设学科名单 - 教育部,http://www.moe.gov.cn/srcsite/A22/s7065/202202/W020220214318455516037.pdf,2026-04-21,disciplineName 直接來自附件1中對應高校後的學科列表，按中文逗號/頓號分割。
西安交通大学,控制科学与工程,2,第二轮“双一流”建设高校及建设学科名单 - 教育部,http://www.moe.gov.cn/srcsite/A22/s7065/202202/W020220214318455516037.pdf,2026-04-21,disciplineName 直接來自附件1中對應高校後的學科列表，按中文逗號/頓號分割。
西安交通大学,管理科学与工程,2,第二轮“双一流”建设高校及建设学科名单 - 教育部,http://www.moe.gov.cn/srcsite/A22/s7065/202202/W020220214318455516037.pdf,2026-04-21,disciplineName 直接來自附件1中對應高校後的學科列表，按中文逗號/頓號分割。
西安交通大学,工商管 理,2,第二轮“双一流”建设高校及建设学科名单 - 教育部,http://www.moe.gov.cn/srcsite/A22/s7065/202202/W020220214318455516037.pdf,2026-04-21,disciplineName 直接來自附件1中對應高校後的學科列表，按中文逗號/頓號分割。
西北工业大学,机械工程,2,第二轮“双一流”建设高校及建设学科名单 - 教育部,http://www.moe.gov.cn/srcsite/A22/s7065/202202/W020220214318455516037.pdf,2026-04-21,disciplineName 直接來自附件1中對應高校後的學科列表，按中文逗號/頓號分割。
西北工业大学,材料科学与工程,2,第二轮“双一流”建设高校及建设学科名单 - 教育部,http://www.moe.gov.cn/srcsite/A22/s7065/202202/W020220214318455516037.pdf,2026-04-21,disciplineName 直接來自附件1中對應高校後的學科列表，按中文逗號/頓號分割。
西北工业大学,航空宇航科学与技 术,2,第二轮“双一流”建设高校及建设学科名单 - 教育部,http://www.moe.gov.cn/srcsite/A22/s7065/202202/W020220214318455516037.pdf,2026-04-21,disciplineName 直接來自附件1中對應高校後的學科列表，按中文逗號/頓號分割。
西安电子科技大学,信息与通信工程,2,第二轮“双一流”建设高校及建设学科名单 - 教育部,http://www.moe.gov.cn/srcsite/A22/s7065/202202/W020220214318455516037.pdf,2026-04-21,disciplineName 直接來自附件1中對應高校後的學科列表，按中文逗號/頓號分割。
西安电子科技大学,计算机科学与技术,2,第二轮“双一流”建设高校及建设学科名单 - 教育部,http://www.moe.gov.cn/srcsite/A22/s7065/202202/W020220214318455516037.pdf,2026-04-21,disciplineName 直接來自附件1中對應高校後的學科列表，按中文逗號/頓號分割。
长安大学,交通运输工程,2,第二轮“双一流”建设高校及建设学科名单 - 教育部,http://www.moe.gov.cn/srcsite/A22/s7065/202202/W020220214318455516037.pdf,2026-04-21,disciplineName 直接來自附件1中對應高校後的學科列表，按中文逗號/頓號分割。
西北农林科技大学,植物保护,2,第二轮“双一流”建设高校及建设学科名单 - 教育部,http://www.moe.gov.cn/srcsite/A22/s7065/202202/W020220214318455516037.pdf,2026-04-21,disciplineName 直接來自附件1中對應高校後的學科列表，按中文逗號/頓號分割。
西北农林科技大学,畜牧学,2,第二轮“双一流”建设高校及建设学科名单 - 教育部,http://www.moe.gov.cn/srcsite/A22/s7065/202202/W020220214318455516037.pdf,2026-04-21,disciplineName 直接來自附件1中對應高校後的學科列表，按中文逗號/頓號分割。
陕西师范大学,中国语言文学,2,第二轮“双一流”建设高校及建设学科名单 - 教育部,http://www.moe.gov.cn/srcsite/A22/s7065/202202/W020220214318455516037.pdf,2026-04-21,disciplineName 直接來自附件1中對應高校後的學科列表，按中文逗號/頓號分割。
兰州大学,化学,2,第二轮“双一流”建设高校及建设学科名单 - 教育部,http://www.moe.gov.cn/srcsite/A22/s7065/202202/W020220214318455516037.pdf,2026-04-21,disciplineName 直接來自附件1中對應高校後的學科列表，按中文逗號/頓號分割。
兰州大学,大气科学,2,第二轮“双一流”建设高校及建设学科名单 - 教育部,http://www.moe.gov.cn/srcsite/A22/s7065/202202/W020220214318455516037.pdf,2026-04-21,disciplineName 直接來自附件1中對應高校後的學科列表，按中文逗號/頓號分割。
兰州大学,生态学,2,第二轮“双一流”建设高校及建设学科名单 - 教育部,http://www.moe.gov.cn/srcsite/A22/s7065/202202/W020220214318455516037.pdf,2026-04-21,disciplineName 直接來自附件1中對應高校後的學科列表，按中文逗號/頓號分割。
兰州大学,草学,2,第二轮“双一流”建设高校及建设学科名单 - 教育部,http://www.moe.gov.cn/srcsite/A22/s7065/202202/W020220214318455516037.pdf,2026-04-21,disciplineName 直接來自附件1中對應高校後的學科列表，按中文逗號/頓號分割。
青海大学,生态学,2,第二轮“双一流”建设高校及建设学科名单 - 教育部,http://www.moe.gov.cn/srcsite/A22/s7065/202202/W020220214318455516037.pdf,2026-04-21,disciplineName 直接來自附件1中對應高校後的學科列表，按中文逗號/頓號分割。
宁夏大学,化学工程与技术,2,第二轮“双一流”建设高校及建设学科名单 - 教育部,http://www.moe.gov.cn/srcsite/A22/s7065/202202/W020220214318455516037.pdf,2026-04-21,disciplineName 直接來自附件1中對應高校後的學科列表，按中文逗號/頓號分割。
新疆大学,马克思主义理论,2,第二轮“双一流”建设高校及建设学科名单 - 教育部,http://www.moe.gov.cn/srcsite/A22/s7065/202202/W020220214318455516037.pdf,2026-04-21,disciplineName 直接來自附件1中對應高校後的學科列表，按中文逗號/頓號分割。
新疆大学,化学,2,第二轮“双一流”建设高校及建设学科名单 - 教育部,http://www.moe.gov.cn/srcsite/A22/s7065/202202/W020220214318455516037.pdf,2026-04-21,disciplineName 直接來自附件1中對應高校後的學科列表，按中文逗號/頓號分割。
新疆大学,计算机科学与技术,2,第二轮“双一流”建设高校及建设学科名单 - 教育部,http://www.moe.gov.cn/srcsite/A22/s7065/202202/W020220214318455516037.pdf,2026-04-21,disciplineName 直接來自附件1中對應高校後的學科列表，按中文逗號/頓號分割。
石河子大学,化学工程与技术,2,第二轮“双一流”建设高校及建设学科名单 - 教育部,http://www.moe.gov.cn/srcsite/A22/s7065/202202/W020220214318455516037.pdf,2026-04-21,disciplineName 直接來自附件1中對應高校後的學科列表，按中文逗號/頓號分割。
中国矿业大学（北京）,矿业工程,2,第二轮“双一流”建设高校及建设学科名单 - 教育部,http://www.moe.gov.cn/srcsite/A22/s7065/202202/W020220214318455516037.pdf,2026-04-21,disciplineName 直接來自附件1中對應高校後的學科列表，按中文逗號/頓號分割。
中国矿业大学（北京）,安全科学与工程,2,第二轮“双一流”建设高校及建设学科名单 - 教育部,http://www.moe.gov.cn/srcsite/A22/s7065/202202/W020220214318455516037.pdf,2026-04-21,disciplineName 直接來自附件1中對應高校後的學科列表，按中文逗號/頓號分割。
中国石油大学（北京）,地质资源与地质工程,2,第二轮“双一流”建设高校及建设学科名单 - 教育部,http://www.moe.gov.cn/srcsite/A22/s7065/202202/W020220214318455516037.pdf,2026-04-21,disciplineName 直接來自附件1中對應高校後的學科列表，按中文逗號/頓號分割。
中国石油大学（北京）,石油与天然气工 程,2,第二轮“双一流”建设高校及建设学科名单 - 教育部,http://www.moe.gov.cn/srcsite/A22/s7065/202202/W020220214318455516037.pdf,2026-04-21,disciplineName 直接來自附件1中對應高校後的學科列表，按中文逗號/頓號分割。
中国地质大学（北京）,地质学,2,第二轮“双一流”建设高校及建设学科名单 - 教育部,http://www.moe.gov.cn/srcsite/A22/s7065/202202/W020220214318455516037.pdf,2026-04-21,disciplineName 直接來自附件1中對應高校後的學科列表，按中文逗號/頓號分割。
中国地质大学（北京）,地质资源与地质工程,2,第二轮“双一流”建设高校及建设学科名单 - 教育部,http://www.moe.gov.cn/srcsite/A22/s7065/202202/W020220214318455516037.pdf,2026-04-21,disciplineName 直接來自附件1中對應高校後的學科列表，按中文逗號/頓號分割。
宁波大学,力学,2,第二轮“双一流”建设高校及建设学科名单 - 教育部,http://www.moe.gov.cn/srcsite/A22/s7065/202202/W020220214318455516037.pdf,2026-04-21,disciplineName 直接來自附件1中對應高校後的學科列表，按中文逗號/頓號分割。
南方科技大学,数学,2,第二轮“双一流”建设高校及建设学科名单 - 教育部,http://www.moe.gov.cn/srcsite/A22/s7065/202202/W020220214318455516037.pdf,2026-04-21,disciplineName 直接來自附件1中對應高校後的學科列表，按中文逗號/頓號分割。
上海科技大学,材料科学与工程,2,第二轮“双一流”建设高校及建设学科名单 - 教育部,http://www.moe.gov.cn/srcsite/A22/s7065/202202/W020220214318455516037.pdf,2026-04-21,disciplineName 直接來自附件1中對應高校後的學科列表，按中文逗號/頓號分割。
中国科学院大学,化学,2,第二轮“双一流”建设高校及建设学科名单 - 教育部,http://www.moe.gov.cn/srcsite/A22/s7065/202202/W020220214318455516037.pdf,2026-04-21,disciplineName 直接來自附件1中對應高校後的學科列表，按中文逗號/頓號分割。
中国科学院大学,材料科学与工程,2,第二轮“双一流”建设高校及建设学科名单 - 教育部,http://www.moe.gov.cn/srcsite/A22/s7065/202202/W020220214318455516037.pdf,2026-04-21,disciplineName 直接來自附件1中對應高校後的學科列表，按中文逗號/頓號分割。
国防科技大学,信息与通信工程,2,第二轮“双一流”建设高校及建设学科名单 - 教育部,http://www.moe.gov.cn/srcsite/A22/s7065/202202/W020220214318455516037.pdf,2026-04-21,disciplineName 直接來自附件1中對應高校後的學科列表，按中文逗號/頓號分割。
国防科技大学,计算机科学与技术,2,第二轮“双一流”建设高校及建设学科名单 - 教育部,http://www.moe.gov.cn/srcsite/A22/s7065/202202/W020220214318455516037.pdf,2026-04-21,disciplineName 直接來自附件1中對應高校後的學科列表，按中文逗號/頓號分割。
国防科技大学,航空宇航 科学与技术,2,第二轮“双一流”建设高校及建设学科名单 - 教育部,http://www.moe.gov.cn/srcsite/A22/s7065/202202/W020220214318455516037.pdf,2026-04-21,disciplineName 直接來自附件1中對應高校後的學科列表，按中文逗號/頓號分割。
国防科技大学,软件工程,2,第二轮“双一流”建设高校及建设学科名单 - 教育部,http://www.moe.gov.cn/srcsite/A22/s7065/202202/W020220214318455516037.pdf,2026-04-21,disciplineName 直接來自附件1中對應高校後的學科列表，按中文逗號/頓號分割。
国防科技大学,管理科学与工程,2,第二轮“双一流”建设高校及建设学科名单 - 教育部,http://www.moe.gov.cn/srcsite/A22/s7065/202202/W020220214318455516037.pdf,2026-04-21,disciplineName 直接來自附件1中對應高校後的學科列表，按中文逗號/頓號分割。
海军军医大学,基础医学,2,第二轮“双一流”建设高校及建设学科名单 - 教育部,http://www.moe.gov.cn/srcsite/A22/s7065/202202/W020220214318455516037.pdf,2026-04-21,disciplineName 直接來自附件1中對應高校後的學科列表，按中文逗號/頓號分割。
空军军医大学,临床医学,2,第二轮“双一流”建设高校及建设学科名单 - 教育部,http://www.moe.gov.cn/srcsite/A22/s7065/202202/W020220214318455516037.pdf,2026-04-21,disciplineName 直接來自附件1中對應高校後的學科列表，按中文逗號/頓號分割。
