moeCode,schoolName,website,admissionWebsite,sourceTitle,sourceUrl,sourceDate,confidence,notes
4111010003,清华大学,https://www.tsinghua.edu.cn/,,学校官网,https://www.tsinghua.edu.cn/,2024,medium,
4111010001,北京大学,https://www.pku.edu.cn/,,学校官网,https://www.pku.edu.cn/,2024,medium,
4133010335,浙江大学,https://www.zju.edu.cn/,,学校官网,https://www.zju.edu.cn/,2024,medium,
4131010248,上海交通大学,https://www.sjtu.edu.cn/,,学校官网,https://www.sjtu.edu.cn/,2024,medium,
4132010284,南京大学,https://www.nju.edu.cn/,,学校官网,https://www.nju.edu.cn/,2024,medium,
4131010246,复旦大学,https://www.fudan.edu.cn/,,学校官网,https://www.fudan.edu.cn/,2024,medium,
4134010358,中国科学技术大学,https://www.ustc.edu.cn/,,学校官网,https://www.ustc.edu.cn/,2024,medium,
4142010487,华中科技大学,https://www.hust.edu.cn/,,学校官网,https://www.hust.edu.cn/,2024,medium,
4142010486,武汉大学,https://www.whu.edu.cn/,,学校官网,https://www.whu.edu.cn/,2024,medium,
4161010698,西安交通大学,http://www.xjtu.edu.cn/,,学校官网,http://www.xjtu.edu.cn/,2024,medium,
4123010213,哈尔滨工业大学,https://www.hit.edu.cn/,,学校官网,https://www.hit.edu.cn/,2024,medium,
4144010558,中山大学,http://www.sysu.edu.cn/,,学校官网,http://www.sysu.edu.cn/,2024,medium,
4111010027,北京师范大学,https://www.bnu.edu.cn/,,学校官网,https://www.bnu.edu.cn/,2024,medium,
4151010610,四川大学,https://www.scu.edu.cn/,,学校官网,https://www.scu.edu.cn/,2024,medium,
4111010006,北京航空航天大学,https://www.buaa.edu.cn/,,学校官网,https://www.buaa.edu.cn/,2024,medium,
4131010247,同济大学,https://www.tongji.edu.cn/,,学校官网,https://www.tongji.edu.cn/,2024,medium,
4132010286,东南大学,https://www.seu.edu.cn/,,学校官网,https://www.seu.edu.cn/,2024,medium,
4111010002,中国人民大学,https://www.ruc.edu.cn/,,学校官网,https://www.ruc.edu.cn/,2024,medium,
4111010007,北京理工大学,https://www.bit.edu.cn/,,学校官网,https://www.bit.edu.cn/,2024,medium,
4112010055,南开大学,https://www.nankai.edu.cn/,,学校官网,https://www.nankai.edu.cn/,2024,medium,
4137010422,山东大学,https://www.sdu.edu.cn/,,学校官网,https://www.sdu.edu.cn/,2024,medium,
4112010056,天津大学,http://www.tju.edu.cn/,,学校官网,http://www.tju.edu.cn/,2024,medium,
4143010533,中南大学,https://www.csu.edu.cn/,,学校官网,https://www.csu.edu.cn/,2024,medium,
4122010183,吉林大学,https://www.jlu.edu.cn/,,学校官网,https://www.jlu.edu.cn/,2024,medium,
4161010699,西北工业大学,https://www.nwpu.edu.cn/,,学校官网,https://www.nwpu.edu.cn/,2024,medium,
4135010384,厦门大学,https://www.xmu.edu.cn/,,学校官网,https://www.xmu.edu.cn/,2024,medium,
4144010561,华南理工大学,https://www.scut.edu.cn/,,学校官网,https://www.scut.edu.cn/,2024,medium,
4121010141,大连理工大学,https://www.dlut.edu.cn/,,学校官网,https://www.dlut.edu.cn/,2024,medium,
4131010269,华东师范大学,https://www.ecnu.edu.cn/,,学校官网,https://www.ecnu.edu.cn/,2024,medium,
4111010019,中国农业大学,https://www.cau.edu.cn/,,学校官网,https://www.cau.edu.cn/,2024,medium,
4151010614,电子科技大学,https://www.uestc.edu.cn/,,学校官网,https://www.uestc.edu.cn/,2024,medium,
4143010532,湖南大学,https://www.hnu.edu.cn/,,学校官网,https://www.hnu.edu.cn/,2024,medium,
4111010008,北京科技大学,https://www.ustb.edu.cn/,,学校官网,https://www.ustb.edu.cn/,2024,medium,
4150010611,重庆大学,https://www.cqu.edu.cn/,,学校官网,https://www.cqu.edu.cn/,2024,medium,
4132010287,南京航空航天大学,https://www.nuaa.edu.cn/,,学校官网,https://www.nuaa.edu.cn/,2024,medium,
4121010145,东北大学,https://www.neu.edu.cn/,,学校官网,https://www.neu.edu.cn/,2024,medium,
4132010288,南京理工大学,http://www.njust.edu.cn/,,学校官网,http://www.njust.edu.cn/,2024,medium,
4161010701,西安电子科技大学,https://www.xidian.edu.cn/,,学校官网,https://www.xidian.edu.cn/,2024,medium,
4162010730,兰州大学,https://www.lzu.edu.cn/,,学校官网,https://www.lzu.edu.cn/,2024,medium,
4111010004,北京交通大学,https://www.bjtu.edu.cn/,,学校官网,https://www.bjtu.edu.cn/,2024,medium,
4144014325,南方科技大学,http://www.sustech.edu.cn/,,学校官网,http://www.sustech.edu.cn/,2024,medium,
4142010504,华中农业大学,https://www.hzau.edu.cn/,,学校官网,https://www.hzau.edu.cn/,2024,medium,
4131010280,上海大学,https://www.shu.edu.cn/,,学校官网,https://www.shu.edu.cn/,2024,medium,
4132010285,苏州大学,https://www.suda.edu.cn/,,学校官网,https://www.suda.edu.cn/,2024,medium,
4131010251,华东理工大学,https://www.ecust.edu.cn/,,学校官网,https://www.ecust.edu.cn/,2024,medium,
4142010511,华中师范大学,https://www.ccnu.edu.cn/,,学校官网,https://www.ccnu.edu.cn/,2024,medium,
4132010319,南京师范大学,https://www.njnu.edu.cn/,,学校官网,https://www.njnu.edu.cn/,2024,medium,
4142010491,中国地质大学（武汉）,https://www.cug.edu.cn/,,学校官网,https://www.cug.edu.cn/,2024,medium,
4122010200,东北师范大学,https://www.nenu.edu.cn/,,学校官网,https://www.nenu.edu.cn/,2024,medium,
4123010217,哈尔滨工程大学,http://www.hrbeu.edu.cn/,,学校官网,http://www.hrbeu.edu.cn/,2024,medium,
4151010613,西南交通大学,https://www.swjtu.edu.cn/,,学校官网,https://www.swjtu.edu.cn/,2024,medium,
4132010307,南京农业大学,http://www.njau.edu.cn/,,学校官网,http://www.njau.edu.cn/,2024,medium,
4141010459,郑州大学,http://www.zzu.edu.cn/,,学校官网,http://www.zzu.edu.cn/,2024,medium,
4111010013,北京邮电大学,https://www.bupt.edu.cn/,,学校官网,https://www.bupt.edu.cn/,2024,medium,
4142010497,武汉理工大学,https://www.whut.edu.cn/,,学校官网,https://www.whut.edu.cn/,2024,medium,
4137010423,中国海洋大学,http://www.ouc.edu.cn/,,学校官网,http://www.ouc.edu.cn/,2024,medium,
4144010559,暨南大学,https://jnu.edu.cn/,,学校官网,https://jnu.edu.cn/,2024,medium,
4111011414,中国石油大学（北京）,https://www.cup.edu.cn/,,学校官网,https://www.cup.edu.cn/,2024,medium,
4111010005,北京工业大学,https://www.bjut.edu.cn/,,学校官网,https://www.bjut.edu.cn/,2024,medium,
4132010294,河海大学,https://www.hhu.edu.cn/,,学校官网,https://www.hhu.edu.cn/,2024,medium,
4132010290,中国矿业大学,http://www.cumt.edu.cn/,,学校官网,http://www.cumt.edu.cn/,2024,medium,
4111010010,北京化工大学,https://www.buct.edu.cn/,,学校官网,https://www.buct.edu.cn/,2024,medium,
4111011415,中国地质大学（北京）,https://www.cugb.edu.cn/,,学校官网,https://www.cugb.edu.cn/,2024,medium,
4161010697,西北大学,https://www.nwu.edu.cn/,,学校官网,https://www.nwu.edu.cn/,2024,medium,
4132010295,江南大学,https://www.jiangnan.edu.cn/,,学校官网,https://www.jiangnan.edu.cn/,2024,medium,
4131014423,上海科技大学,https://www.shanghaitech.edu.cn/,,学校官网,https://www.shanghaitech.edu.cn/,2024,medium,
4137010425,中国石油大学（华东）,https://www.upc.edu.cn/,,学校官网,https://www.upc.edu.cn/,2024,medium,
4150010635,西南大学,http://www.swu.edu.cn/,,学校官网,http://www.swu.edu.cn/,2024,medium,
4111011413,中国矿业大学（北京）,http://www.cumt.edu.cn/,,学校官网,http://www.cumt.edu.cn/,2024,medium,
4144010590,深圳大学,https://www.szu.edu.cn/,,学校官网,https://www.szu.edu.cn/,2024,medium,
4161010718,陕西师范大学,https://www.snnu.edu.cn/,,学校官网,https://www.snnu.edu.cn/,2024,medium,
4132010299,江苏大学,https://www.ujs.edu.cn/,,学校官网,https://www.ujs.edu.cn/,2024,medium,
4133010337,浙江工业大学,https://www.zjut.edu.cn/,,学校官网,https://www.zjut.edu.cn/,2024,medium,
4111010022,北京林业大学,http://www.bjfu.edu.cn/,,学校官网,http://www.bjfu.edu.cn/,2024,medium,
4144010574,华南师范大学,https://www.scnu.edu.cn/,,学校官网,https://www.scnu.edu.cn/,2024,medium,
4161010712,西北农林科技大学,https://www.nwsuaf.edu.cn/,,学校官网,https://www.nwsuaf.edu.cn/,2024,medium,
4132011117,扬州大学,https://www.yzu.edu.cn/,,学校官网,https://www.yzu.edu.cn/,2024,medium,
4136010403,南昌大学,http://www.ncu.edu.cn/,,学校官网,http://www.ncu.edu.cn/,2024,medium,
4135010386,福州大学,https://www.fzu.edu.cn/,,学校官网,https://www.fzu.edu.cn/,2024,medium,
4111010054,华北电力大学,https://www.ncepu.edu.cn/,,学校官网,https://www.ncepu.edu.cn/,2024,medium,
4131010255,东华大学,https://www.dhu.edu.cn/,,学校官网,https://www.dhu.edu.cn/,2024,medium,
4134010359,合肥工业大学,https://www.hfut.edu.cn/,,学校官网,https://www.hfut.edu.cn/,2024,medium,
4153010673,云南大学,https://www.ynu.edu.cn/,,学校官网,https://www.ynu.edu.cn/,2024,medium,
4133011646,宁波大学,https://www.nbu.edu.cn/,,学校官网,https://www.nbu.edu.cn/,2024,medium,
4111010028,首都师范大学,https://www.cnu.edu.cn/,,学校官网,https://www.cnu.edu.cn/,2024,medium,
4143010542,湖南师范大学,https://www.hunnu.edu.cn/,,学校官网,https://www.hunnu.edu.cn/,2024,medium,
4132010291,南京工业大学,http://www.njtech.edu.cn/,,学校官网,http://www.njtech.edu.cn/,2024,medium,
4161010710,长安大学,http://www.xahu.edu.cn/,,学校官网,http://www.xahu.edu.cn/,2024,medium,
4135010394,福建师范大学,https://www.fjnu.edu.cn/,,学校官网,https://www.fjnu.edu.cn/,2024,medium,
4134010357,安徽大学,https://www.ahu.edu.cn/,,学校官网,https://www.ahu.edu.cn/,2024,medium,
4132010300,南京信息工程大学,https://www.nuist.edu.cn/,,学校官网,https://www.nuist.edu.cn/,2024,medium,
4131010252,上海理工大学,https://www.usst.edu.cn/,,学校官网,https://www.usst.edu.cn/,2024,medium,
4144010564,华南农业大学,https://www.scau.edu.cn/,,学校官网,https://www.scau.edu.cn/,2024,medium,
4145010593,广西大学,https://www.gxu.edu.cn/,,学校官网,https://www.gxu.edu.cn/,2024,medium,
4132010293,南京邮电大学,https://www.njupt.edu.cn/,,学校官网,https://www.njupt.edu.cn/,2024,medium,
4113010216,燕山大学,https://www.ysu.edu.cn/,,学校官网,https://www.ysu.edu.cn/,2024,medium,
4141010475,河南大学,https://www.henu.edu.cn/,,学校官网,https://www.henu.edu.cn/,2024,medium,
4142010512,湖北大学,https://www.hubu.edu.cn/,,学校官网,https://www.hubu.edu.cn/,2024,medium,
4144011078,广州大学,http://www.gzhu.edu.cn/,,学校官网,http://www.gzhu.edu.cn/,2024,medium,
4137011065,青岛大学,https://www.qdu.edu.cn/,,学校官网,https://www.qdu.edu.cn/,2024,medium,
4143010530,湘潭大学,https://www.xtu.edu.cn/,,学校官网,https://www.xtu.edu.cn/,2024,medium,
4144011845,广东工业大学,https://www.gdut.edu.cn/,,学校官网,https://www.gdut.edu.cn/,2024,medium,
4133010345,浙江师范大学,https://www.zjnu.edu.cn/,,学校官网,https://www.zjnu.edu.cn/,2024,medium,
4121010151,大连海事大学,https://www.dlmu.edu.cn/,,学校官网,https://www.dlmu.edu.cn/,2024,medium,
4131010270,上海师范大学,https://www.shnu.edu.cn/,,学校官网,https://www.shnu.edu.cn/,2024,medium,
4133010336,杭州电子科技大学,https://www.hdu.edu.cn/,,学校官网,https://www.hdu.edu.cn/,2024,medium,
4142010488,武汉科技大学,https://www.wust.edu.cn/,,学校官网,https://www.wust.edu.cn/,2024,medium,
4132010298,南京林业大学,https://www.njfu.edu.cn/,,学校官网,https://www.njfu.edu.cn/,2024,medium,
4113010080,河北工业大学,https://www.hebut.edu.cn/,,学校官网,https://www.hebut.edu.cn/,2024,medium,
4137010445,山东师范大学,http://www.sdnu.edu.cn/,,学校官网,http://www.sdnu.edu.cn/,2024,medium,
4133010338,浙江理工大学,https://www.zstu.edu.cn/,,学校官网,https://www.zstu.edu.cn/,2024,medium,
4114010108,山西大学,https://www.sxu.edu.cn/,,学校官网,https://www.sxu.edu.cn/,2024,medium,
4114010112,太原理工大学,https://www.tyut.edu.cn/,,学校官网,https://www.tyut.edu.cn/,2024,medium,
4123010225,东北林业大学,https://www.nefu.edu.cn/,,学校官网,https://www.nefu.edu.cn/,2024,medium,
4113010075,河北大学,https://www.hbu.edu.cn/,,学校官网,https://www.hbu.edu.cn/,2024,medium,
4123010224,东北农业大学,http://www.neau.edu.cn/,,学校官网,http://www.neau.edu.cn/,2024,medium,
4136010414,江西师范大学,https://www.jxnu.edu.cn/,,学校官网,https://www.jxnu.edu.cn/,2024,medium,
4161010703,西安建筑科技大学,https://www.xauat.edu.cn/,,学校官网,https://www.xauat.edu.cn/,2024,medium,
4133010346,杭州师范大学,http://www.hznu.edu.cn/,,学校官网,http://www.hznu.edu.cn/,2024,medium,
4115010126,内蒙古大学,https://www.imu.edu.cn/,,学校官网,https://www.imu.edu.cn/,2024,medium,
4135010389,福建农林大学,https://www.fafu.edu.cn/,,学校官网,https://www.fafu.edu.cn/,2024,medium,
4132010320,江苏师范大学,http://www.jsnu.edu.cn/,,学校官网,http://www.jsnu.edu.cn/,2024,medium,
4161010700,西安理工大学,https://www.xaut.edu.cn/,,学校官网,https://www.xaut.edu.cn/,2024,medium,
4121010140,辽宁大学,http://www.lnu.edu.cn/,,学校官网,http://www.lnu.edu.cn/,2024,medium,
4111010016,北京建筑大学,https://www.bucea.edu.cn/,,学校官网,https://www.bucea.edu.cn/,2024,medium,
4134010370,安徽师范大学,https://www.ahnu.edu.cn/,,学校官网,https://www.ahnu.edu.cn/,2024,medium,
4141010476,河南师范大学,https://www.htu.edu.cn/,,学校官网,https://www.htu.edu.cn/,2024,medium,
4143010536,长沙理工大学,https://www.csust.edu.cn/,,学校官网,https://www.csust.edu.cn/,2024,medium,
4153010674,昆明理工大学,https://www.kmust.edu.cn/,,学校官网,https://www.kmust.edu.cn/,2024,medium,
4165010755,新疆大学,http://www.xju.edu.cn/,,学校官网,http://www.xju.edu.cn/,2024,medium,
4144010560,汕头大学,https://www.stu.edu.cn/,,学校官网,https://www.stu.edu.cn/,2024,medium,
4151010615,西南石油大学,https://www.swpu.edu.cn/,,学校官网,https://www.swpu.edu.cn/,2024,medium,
4137010424,山东科技大学,https://www.sdust.edu.cn/,,学校官网,https://www.sdust.edu.cn/,2024,medium,
4141010466,河南农业大学,http://www.henau.edu.cn/,,学校官网,http://www.henau.edu.cn/,2024,medium,
4152010657,贵州大学,http://www.gzu.edu.cn/,,学校官网,http://www.gzu.edu.cn/,2024,medium,
4135010385,华侨大学,https://www.hqu.edu.cn/,,学校官网,https://www.hqu.edu.cn/,2024,medium,
4113010094,河北师范大学,http://www.hebtu.edu.cn/,,学校官网,http://www.hebtu.edu.cn/,2024,medium,
4123010212,黑龙江大学,http://www.hlju.edu.cn/,,学校官网,http://www.hlju.edu.cn/,2024,medium,
4133010356,中国计量大学,https://www.cjlu.edu.cn/,,学校官网,https://www.cjlu.edu.cn/,2024,medium,
4161010708,陕西科技大学,https://www.sust.edu.cn/,,学校官网,https://www.sust.edu.cn/,2024,medium,
4121010157,沈阳农业大学,https://www.syau.edu.cn/,,学校官网,https://www.syau.edu.cn/,2024,medium,
4112010065,天津师范大学,http://www.tjnu.edu.cn/,,学校官网,http://www.tjnu.edu.cn/,2024,medium,
4142010500,湖北工业大学,https://www.hbut.edu.cn/,,学校官网,https://www.hbut.edu.cn/,2024,medium,
4146010589,海南大学,https://www.hainanu.edu.cn/,,学校官网,https://www.hainanu.edu.cn/,2024,medium,
4137010427,济南大学,https://www.ujn.edu.cn/,,学校官网,https://www.ujn.edu.cn/,2024,medium,
4137010434,山东农业大学,http://www.sdau.edu.cn/,,学校官网,http://www.sdau.edu.cn/,2024,medium,
4132010292,常州大学,https://cczu.edu.cn/,,学校官网,https://cczu.edu.cn/,2024,medium,
4133010351,温州大学,http://www.wzu.edu.cn/,,学校官网,http://www.wzu.edu.cn/,2024,medium,
4150010617,重庆邮电大学,https://www.cqupt.edu.cn/,,学校官网,https://www.cqupt.edu.cn/,2024,medium,
4137010431,齐鲁工业大学,https://www.qlu.edu.cn/,,学校官网,https://www.qlu.edu.cn/,2024,medium,
4137010446,曲阜师范大学,https://www.qfnu.edu.cn/,,学校官网,https://www.qfnu.edu.cn/,2024,medium,
4142010490,武汉工程大学,https://www.wit.edu.cn/,,学校官网,https://www.wit.edu.cn/,2024,medium,
4143010537,湖南农业大学,https://www.hunau.edu.cn/,,学校官网,https://www.hunau.edu.cn/,2024,medium,
4112010058,天津工业大学,https://www.tiangong.edu.cn/,,学校官网,https://www.tiangong.edu.cn/,2024,medium,
4134010364,安徽农业大学,https://www.ahau.edu.cn/,,学校官网,https://www.ahau.edu.cn/,2024,medium,
4132010289,江苏科技大学,http://www.just.edu.cn/,,学校官网,http://www.just.edu.cn/,2024,medium,
4133010341,浙江农林大学,https://www.zafu.edu.cn/,,学校官网,https://www.zafu.edu.cn/,2024,medium,
4111010009,北方工业大学,http://www.ncut.edu.cn/,,学校官网,http://www.ncut.edu.cn/,2024,medium,
4145010602,广西师范大学,https://www.gxnu.edu.cn/,,学校官网,https://www.gxnu.edu.cn/,2024,medium,
4122010193,吉林农业大学,https://www.jlau.edu.cn/,,学校官网,https://www.jlau.edu.cn/,2024,medium,
4137010426,青岛科技大学,https://www.qust.edu.cn/,,学校官网,https://www.qust.edu.cn/,2024,medium,
4151010626,四川农业大学,https://www.sicau.edu.cn/,,学校官网,https://www.sicau.edu.cn/,2024,medium,
4162010736,西北师范大学,https://www.nwnu.edu.cn/,,学校官网,https://www.nwnu.edu.cn/,2024,medium,
4132010304,南通大学,https://www.ntu.edu.cn/,,学校官网,https://www.ntu.edu.cn/,2024,medium,
4165010759,石河子大学,http://www.shzu.edu.cn/,,学校官网,http://www.shzu.edu.cn/,2024,medium,
4131010264,上海海洋大学,https://www.shou.edu.cn/,,学校官网,https://www.shou.edu.cn/,2024,medium,
4142011075,三峡大学,https://www.ctgu.edu.cn/,,学校官网,https://www.ctgu.edu.cn/,2024,medium,
4134010360,安徽工业大学,https://www.ahut.edu.cn/,,学校官网,https://www.ahut.edu.cn/,2024,medium,
4141010460,河南理工大学,http://www.hpu.edu.cn/,,学校官网,http://www.hpu.edu.cn/,2024,medium,
4164010749,宁夏大学,https://www.nxu.edu.cn/,,学校官网,https://www.nxu.edu.cn/,2024,medium,
4161010704,西安科技大学,https://www.xust.edu.cn/,,学校官网,https://www.xust.edu.cn/,2024,medium,
4131010254,上海海事大学,https://www.shmtu.edu.cn/,,学校官网,https://www.shmtu.edu.cn/,2024,medium,
4151010616,成都理工大学,https://www.cdut.edu.cn/,,学校官网,https://www.cdut.edu.cn/,2024,medium,
4136010406,南昌航空大学,https://www.nchu.edu.cn/,,学校官网,https://www.nchu.edu.cn/,2024,medium,
4122010186,长春理工大学,https://www.cust.edu.cn/,,学校官网,https://www.cust.edu.cn/,2024,medium,
4121010165,辽宁师范大学,https://www.lnnu.edu.cn/,,学校官网,https://www.lnnu.edu.cn/,2024,medium,
4151010619,西南科技大学,https://www.swust.edu.cn/,,学校官网,https://www.swust.edu.cn/,2024,medium,
4113010086,河北农业大学,https://www.hebau.edu.cn/,,学校官网,https://www.hebau.edu.cn/,2024,medium,
4114010110,中北大学,http://www.nuc.edu.cn/,,学校官网,http://www.nuc.edu.cn/,2024,medium,
4163010743,青海大学,https://www.qhu.edu.cn/,,学校官网,https://www.qhu.edu.cn/,2024,medium,
4135010390,集美大学,https://www.jmu.edu.cn/,,学校官网,https://www.jmu.edu.cn/,2024,medium,
4142010495,武汉纺织大学,https://www.wtu.edu.cn/,,学校官网,https://www.wtu.edu.cn/,2024,medium,
4112010060,天津理工大学,https://www.tjut.edu.cn/,,学校官网,https://www.tjut.edu.cn/,2024,medium,
4151010636,四川师范大学,https://www.sicnu.edu.cn/,,学校官网,https://www.sicnu.edu.cn/,2024,medium,
4153010681,云南师范大学,https://www.ynnu.edu.cn/,,学校官网,https://www.ynnu.edu.cn/,2024,medium,
4133010340,浙江海洋大学,http://www.zjou.edu.cn/,,学校官网,http://www.zjou.edu.cn/,2024,medium,
4112010057,天津科技大学,https://www.tust.edu.cn/,,学校官网,https://www.tust.edu.cn/,2024,medium,
4143010534,湖南科技大学,https://www.hnust.edu.cn/,,学校官网,https://www.hnust.edu.cn/,2024,medium,
4150010618,重庆交通大学,https://www.cqjtu.edu.cn/,,学校官网,https://www.cqjtu.edu.cn/,2024,medium,
4142010489,长江大学,http://www.yangtzeu.edu.cn/,,学校官网,http://www.yangtzeu.edu.cn/,2024,medium,
4162010731,兰州理工大学,https://www.lut.edu.cn/,,学校官网,https://www.lut.edu.cn/,2024,medium,
4137010433,山东理工大学,https://www.sdut.edu.cn/,,学校官网,https://www.sdut.edu.cn/,2024,medium,
4134010361,安徽理工大学,https://www.aust.edu.cn/,,学校官网,https://www.aust.edu.cn/,2024,medium,
4137011066,烟台大学,https://www.ytu.edu.cn/,,学校官网,https://www.ytu.edu.cn/,2024,medium,
4121010152,大连工业大学,http://www.dlpu.edu.cn/,,学校官网,http://www.dlpu.edu.cn/,2024,medium,
4123010214,哈尔滨理工大学,http://www.hrbust.edu.cn/,,学校官网,http://www.hrbust.edu.cn/,2024,medium,
4121010166,沈阳师范大学,https://www.synu.edu.cn/,,学校官网,https://www.synu.edu.cn/,2024,medium,
4122010184,延边大学,https://www.ybu.edu.cn/,,学校官网,https://www.ybu.edu.cn/,2024,medium,
4115010129,内蒙古农业大学,https://www.imau.edu.cn/,,学校官网,https://www.imau.edu.cn/,2024,medium,
4141010464,河南科技大学,https://www.haust.edu.cn/,,学校官网,https://www.haust.edu.cn/,2024,medium,
4143010555,南华大学,https://www.usc.edu.cn/,,学校官网,https://www.usc.edu.cn/,2024,medium,
4123010231,哈尔滨师范大学,http://www.hrbnu.edu.cn/,,学校官网,http://www.hrbnu.edu.cn/,2024,medium,
4113010107,石家庄铁道大学,https://www.stdu.edu.cn/,,学校官网,https://www.stdu.edu.cn/,2024,medium,
4111011232,北京信息科技大学,https://www.bistu.edu.cn/,,学校官网,https://www.bistu.edu.cn/,2024,medium,
4121010153,沈阳建筑大学,https://www.sjzu.edu.cn/,,学校官网,https://www.sjzu.edu.cn/,2024,medium,
4137010435,青岛农业大学,https://www.qau.edu.cn/,,学校官网,https://www.qau.edu.cn/,2024,medium,
4131010856,上海工程技术大学,https://www.sues.edu.cn/,,学校官网,https://www.sues.edu.cn/,2024,medium,
4141010463,河南工业大学,https://www.haut.edu.cn/,,学校官网,https://www.haut.edu.cn/,2024,medium,
4136010407,江西理工大学,https://www.jxust.edu.cn/,,学校官网,https://www.jxust.edu.cn/,2024,medium,
4143010538,中南林业科技大学,https://www.csuft.edu.cn/,,学校官网,https://www.csuft.edu.cn/,2024,medium,
4111010020,北京农学院,https://www.bua.edu.cn/,,学校官网,https://www.bua.edu.cn/,2024,medium,
4150010637,重庆师范大学,https://www.cqnu.edu.cn/,,学校官网,https://www.cqnu.edu.cn/,2024,medium,
4136010410,江西农业大学,http://www.jxau.edu.cn/,,学校官网,http://www.jxau.edu.cn/,2024,medium,
4162010732,兰州交通大学,https://www.lzjtu.edu.cn/,,学校官网,https://www.lzjtu.edu.cn/,2024,medium,
4154010694,西藏大学,http://www.utibet.edu.cn/,,学校官网,http://www.utibet.edu.cn/,2024,medium,
4121010142,沈阳工业大学,https://www.sut.edu.cn/,,学校官网,https://www.sut.edu.cn/,2024,medium,
4136010404,华东交通大学,http://www.ecjtu.jx.cn/,,学校官网,http://www.ecjtu.jx.cn/,2024,medium,
4121010143,沈阳航空航天大学,https://www.sau.edu.cn/,,学校官网,https://www.sau.edu.cn/,2024,medium,
4161011664,西安邮电大学,http://www.xiyou.edu.cn/,,学校官网,http://www.xiyou.edu.cn/,2024,medium,
4136010405,东华理工大学,http://www.ecit.edu.cn/,,学校官网,http://www.ecit.edu.cn/,2024,medium,
4122010188,东北电力大学,http://www.neepu.edu.cn/,,学校官网,http://www.neepu.edu.cn/,2024,medium,
4131010256,上海电力大学,https://www.shiep.edu.cn/,,学校官网,https://www.shiep.edu.cn/,2024,medium,
4137010451,鲁东大学,https://www.ldu.edu.cn/,,学校官网,https://www.ldu.edu.cn/,2024,medium,
4111010042,国际关系学院,https://www.uir.cn/,,学校官网,https://www.uir.cn/,2024,medium,
4121011258,大连大学,http://www.dlu.edu.cn/,,学校官网,http://www.dlu.edu.cn/,2024,medium,
4132010332,苏州科技大学,https://www.usts.edu.cn/,,学校官网,https://www.usts.edu.cn/,2024,medium,
4113010082,河北科技大学,https://www.hebust.edu.cn/,,学校官网,https://www.hebust.edu.cn/,2024,medium,
4121010167,渤海大学,https://www.bhu.edu.cn/,,学校官网,https://www.bhu.edu.cn/,2024,medium,
4113010081,华北理工大学,http://www.ncst.edu.cn/,,学校官网,http://www.ncst.edu.cn/,2024,medium,
4162010733,甘肃农业大学,https://www.gsau.edu.cn/,,学校官网,https://www.gsau.edu.cn/,2024,medium,
4111010015,北京印刷学院,https://www.bigc.edu.cn/,,学校官网,https://www.bigc.edu.cn/,2024,medium,
4150011660,重庆理工大学,https://www.cqut.edu.cn/,,学校官网,https://www.cqut.edu.cn/,2024,medium,
4161010705,西安石油大学,http://www.xsyu.edu.cn/,,学校官网,http://www.xsyu.edu.cn/,2024,medium,
4146011658,海南师范大学,http://www.hainnu.edu.cn/,,学校官网,http://www.hainnu.edu.cn/,2024,medium,
4131010259,上海应用技术大学,https://www.sit.edu.cn/,,学校官网,https://www.sit.edu.cn/,2024,medium,
4145010595,桂林电子科技大学,http://www.gliet.edu.cn/,,学校官网,http://www.gliet.edu.cn/,2024,medium,
4137010447,聊城大学,https://www.lcu.edu.cn/,,学校官网,https://www.lcu.edu.cn/,2024,medium,
4141010462,郑州轻工业大学,http://www.zzuli.edu.cn/,,学校官网,http://www.zzuli.edu.cn/,2024,medium,
4142010496,武汉轻工大学,https://www.whpu.edu.cn/,,学校官网,https://www.whpu.edu.cn/,2024,medium,
4134010878,安徽建筑大学,https://www.ahjzu.edu.cn/,,学校官网,https://www.ahjzu.edu.cn/,2024,medium,
4123010220,东北石油大学,http://www.nepu.edu.cn/,,学校官网,http://www.nepu.edu.cn/,2024,medium,
4151010621,成都信息工程大学,https://www.cuit.edu.cn/,,学校官网,https://www.cuit.edu.cn/,2024,medium,
4144011819,东莞理工学院,https://www.dgut.edu.cn/,,学校官网,https://www.dgut.edu.cn/,2024,medium,
4121010150,大连交通大学,http://www.djtu.edu.cn/,,学校官网,http://www.djtu.edu.cn/,2024,medium,
4137010430,山东建筑大学,https://www.sdjzu.edu.cn/,,学校官网,https://www.sdjzu.edu.cn/,2024,medium,
4151010638,西华师范大学,https://www.cwnu.edu.cn/,,学校官网,https://www.cwnu.edu.cn/,2024,medium,
4161010709,西安工程大学,https://www.xpu.edu.cn/,,学校官网,https://www.xpu.edu.cn/,2024,medium,
4152010663,贵州师范大学,https://www.gznu.edu.cn/,,学校官网,https://www.gznu.edu.cn/,2024,medium,
4151011079,成都大学,https://www.cdu.edu.cn/,,学校官网,https://www.cdu.edu.cn/,2024,medium,
4161010702,西安工业大学,https://www.xatu.edu.cn/,,学校官网,https://www.xatu.edu.cn/,2024,medium,
4133013022,浙大宁波理工学院,https://www.nbt.edu.cn/,,学校官网,https://www.nbt.edu.cn/,2024,medium,
4114010113,山西农业大学,https://www.sxau.edu.cn/,,学校官网,https://www.sxau.edu.cn/,2024,medium,
4137010429,青岛理工大学,http://www.qtech.edu.cn/,,学校官网,http://www.qtech.edu.cn/,2024,medium,
4141010078,华北水利水电大学,https://www.ncwu.edu.cn/,,学校官网,https://www.ncwu.edu.cn/,2024,medium,
4135011062,厦门理工学院,https://www.xmut.edu.cn/,,学校官网,https://www.xmut.edu.cn/,2024,medium,
4111010018,北京电子科技学院,https://www.besti.edu.cn/,,学校官网,https://www.besti.edu.cn/,2024,medium,
4132011276,南京工程学院,https://www.njit.edu.cn/,,学校官网,https://www.njit.edu.cn/,2024,medium,
4111011417,北京联合大学,https://www.buu.edu.cn/,,学校官网,https://www.buu.edu.cn/,2024,medium,
4122010190,长春工业大学,https://www.ccut.edu.cn/,,学校官网,https://www.ccut.edu.cn/,2024,medium,
4121010147,辽宁工程技术大学,https://www.lntu.edu.cn/,,学校官网,https://www.lntu.edu.cn/,2024,medium,
4133010347,湖州师范学院,http://www.zjhu.edu.cn/,,学校官网,http://www.zjhu.edu.cn/,2024,medium,
4142011072,江汉大学,https://www.jhun.edu.cn/,,学校官网,https://www.jhun.edu.cn/,2024,medium,
4121010148,辽宁石油化工大学,https://www.lnpu.edu.cn/,,学校官网,https://www.lnpu.edu.cn/,2024,medium,
4163010746,青海师范大学,https://www.qhnu.edu.cn/,,学校官网,https://www.qhnu.edu.cn/,2024,medium,
4122010203,吉林师范大学,https://www.jlnu.edu.cn/,,学校官网,https://www.jlnu.edu.cn/,2024,medium,
4111010017,北京石油化工学院,http://www.bipt.edu.cn/,,学校官网,http://www.bipt.edu.cn/,2024,medium,
4115010135,内蒙古师范大学,https://www.imnu.edu.cn/,,学校官网,https://www.imnu.edu.cn/,2024,medium,
4112010059,中国民航大学,https://www.cauc.edu.cn/,,学校官网,https://www.cauc.edu.cn/,2024,medium,
4121010154,辽宁工业大学,https://www.lnut.edu.cn/,,学校官网,https://www.lnut.edu.cn/,2024,medium,
4143011535,湖南工业大学,http://www.hut.edu.cn/,,学校官网,http://www.hut.edu.cn/,2024,medium,
4161010719,延安大学,https://www.yau.edu.cn/,,学校官网,https://www.yau.edu.cn/,2024,medium,
4151010623,西华大学,http://www.xhu.edu.cn/,,学校官网,http://www.xhu.edu.cn/,2024,medium,
4145010596,桂林理工大学,https://www.glut.edu.cn/,,学校官网,https://www.glut.edu.cn/,2024,medium,
4113010076,河北工程大学,http://www.hebeu.edu.cn/,,学校官网,http://www.hebeu.edu.cn/,2024,medium,
4121010149,沈阳化工大学,https://www.syuct.edu.cn/,,学校官网,https://www.syuct.edu.cn/,2024,medium,
4133010349,绍兴文理学院,https://www.usx.edu.cn/,,学校官网,https://www.usx.edu.cn/,2024,medium,
4134010363,安徽工程大学,https://www.ahpu.edu.cn/,,学校官网,https://www.ahpu.edu.cn/,2024,medium,
4132010305,盐城工学院,https://www.ycit.edu.cn/,,学校官网,https://www.ycit.edu.cn/,2024,medium,
4132010324,盐城师范学院,http://www.yctc.edu.cn/,,学校官网,http://www.yctc.edu.cn/,2024,medium,
4114010118,山西师范大学,https://www.sxnu.edu.cn/,,学校官网,https://www.sxnu.edu.cn/,2024,medium,
4136010418,赣南师范大学,http://www.gnnu.cn/,,学校官网,http://www.gnnu.cn/,2024,medium,
4121010158,大连海洋大学,http://www.dlou.edu.cn/,,学校官网,http://www.dlou.edu.cn/,2024,medium,
4115010128,内蒙古工业大学,https://www.imut.edu.cn/,,学校官网,https://www.imut.edu.cn/,2024,medium,
4132010323,淮阴师范学院,https://www.hytc.edu.cn/,,学校官网,https://www.hytc.edu.cn/,2024,medium,
4134010372,安庆师范大学,https://www.aqnu.edu.cn/,,学校官网,https://www.aqnu.edu.cn/,2024,medium,
4153010676,云南农业大学,https://www.ynau.edu.cn/,,学校官网,https://www.ynau.edu.cn/,2024,medium,
4121010146,辽宁科技大学,http://www.ustl.edu.cn/,,学校官网,http://www.ustl.edu.cn/,2024,medium,
4145010603,南宁师范大学,http://www.gxtc.edu.cn/,,学校官网,http://www.gxtc.edu.cn/,2024,medium,
4121010144,沈阳理工大学,https://www.sylu.edu.cn/,,学校官网,https://www.sylu.edu.cn/,2024,medium,
4115010136,内蒙古民族大学,https://www.imun.edu.cn/,,学校官网,https://www.imun.edu.cn/,2024,medium,
4165010762,新疆师范大学,https://www.xjnu.edu.cn/,,学校官网,https://www.xjnu.edu.cn/,2024,medium,
4142010513,湖北师范大学,https://www.hbnu.edu.cn/,,学校官网,https://www.hbnu.edu.cn/,2024,medium,
4132011049,淮阴工学院,https://www.hyit.edu.cn/,,学校官网,https://www.hyit.edu.cn/,2024,medium,
4122010191,吉林建筑大学,https://www.jlju.edu.cn/,,学校官网,https://www.jlju.edu.cn/,2024,medium,
4141010465,中原工学院,https://www.zut.edu.cn/,,学校官网,https://www.zut.edu.cn/,2024,medium,
4122010201,北华大学,https://www.beihua.edu.cn/,,学校官网,https://www.beihua.edu.cn/,2024,medium,
4137010452,临沂大学,https://www.lyu.edu.cn/,,学校官网,https://www.lyu.edu.cn/,2024,medium,
4143010531,吉首大学,https://www.jsu.edu.cn/,,学校官网,https://www.jsu.edu.cn/,2024,medium,
4136010408,景德镇陶瓷大学,https://www.jci.edu.cn/,,学校官网,https://www.jci.edu.cn/,2024,medium,
4144010588,广东技术师范大学,https://www.gpnu.edu.cn/,,学校官网,https://www.gpnu.edu.cn/,2024,medium,
4134010373,淮北师范大学,https://www.chnu.edu.cn/,,学校官网,https://www.chnu.edu.cn/,2024,medium,
4144010566,广东海洋大学,https://www.gdou.edu.cn/,,学校官网,https://www.gdou.edu.cn/,2024,medium,
4150010647,长江师范学院,https://www.yznu.cn/,,学校官网,https://www.yznu.cn/,2024,medium,
4133011058,宁波工程学院,https://www.nbut.edu.cn/,,学校官网,https://www.nbut.edu.cn/,2024,medium,
4131010274,上海海关学院,https://www.shcc.edu.cn/,,学校官网,https://www.shcc.edu.cn/,2024,medium,
4123010223,黑龙江八一农垦大学,http://byau.edu.cn/,,学校官网,http://byau.edu.cn/,2024,medium,
4136011318,江西科技师范大学,http://m.jxstnu.edu.cn/,,学校官网,http://m.jxstnu.edu.cn/,2024,medium,
4141010479,安阳师范学院,https://www.aynu.edu.cn/,,学校官网,https://www.aynu.edu.cn/,2024,medium,
4153010677,西南林业大学,http://jwc.swfu.edu.cn/,,学校官网,http://jwc.swfu.edu.cn/,2024,medium,
4165010758,新疆农业大学,https://www.xjau.edu.cn/,,学校官网,https://www.xjau.edu.cn/,2024,medium,
4135010402,闽南师范大学,https://www.mnnu.edu.cn/,,学校官网,https://www.mnnu.edu.cn/,2024,medium,
4112010792,天津城建大学,https://www.tcu.edu.cn/,,学校官网,https://www.tcu.edu.cn/,2024,medium,
4121011035,沈阳大学,https://www.syu.edu.cn/,,学校官网,https://www.syu.edu.cn/,2024,medium,
4144011349,五邑大学,https://www.wyu.edu.cn/,,学校官网,https://www.wyu.edu.cn/,2024,medium,
4115010127,内蒙古科技大学,http://www.btu.edu.cn/,,学校官网,http://www.btu.edu.cn/,2024,medium,
4132011463,江苏理工学院,http://www.jsut.edu.cn/,,学校官网,http://www.jsut.edu.cn/,2024,medium,
4131012044,上海第二工业大学,https://www.sspu.edu.cn/,,学校官网,https://www.sspu.edu.cn/,2024,medium,
4133013021,浙大城市学院,http://www.zucc.edu.cn/,,学校官网,http://www.zucc.edu.cn/,2024,medium,
4114010109,太原科技大学,https://www.tyust.edu.cn/,,学校官网,https://www.tyust.edu.cn/,2024,medium,
4144010579,岭南师范学院,http://www.lingnan.edu.cn/,,学校官网,http://www.lingnan.edu.cn/,2024,medium,
4112010061,天津农学院,http://www.tjau.edu.cn/,,学校官网,http://www.tjau.edu.cn/,2024,medium,
4165010757,塔里木大学,https://www.taru.edu.cn/,,学校官网,https://www.taru.edu.cn/,2024,medium,
4132011460,南京晓庄学院,https://www.njxzc.edu.cn/,,学校官网,https://www.njxzc.edu.cn/,2024,medium,
4153010679,大理大学,https://www.dali.edu.cn/,,学校官网,https://www.dali.edu.cn/,2024,medium,
4136010419,井冈山大学,https://www.jgsu.edu.cn/,,学校官网,https://www.jgsu.edu.cn/,2024,medium,
4143010543,湖南理工学院,https://www.hnist.cn/,,学校官网,https://www.hnist.cn/,2024,medium,
4132011641,江苏海洋大学,https://www.jou.edu.cn/,,学校官网,https://www.jou.edu.cn/,2024,medium,
4133010350,台州学院,https://www.tzc.edu.cn/,,学校官网,https://www.tzc.edu.cn/,2024,medium,
4135010395,闽江学院,https://www.mju.edu.cn/,,学校官网,https://www.mju.edu.cn/,2024,medium,
4142010514,黄冈师范学院,http://www.hgnc.net/,,学校官网,http://www.hgnc.net/,2024,medium,
4150010642,重庆文理学院,https://www.cqwu.net/,,学校官网,https://www.cqwu.net/,2024,medium,
4133010876,浙江万里学院,https://zwu.edu.cn/,,学校官网,https://zwu.edu.cn/,2024,medium,
4123010232,齐齐哈尔大学,https://www.qqhru.edu.cn/,,学校官网,https://www.qqhru.edu.cn/,2024,medium,
4151010622,四川轻化工大学,https://www.suse.edu.cn/,,学校官网,https://www.suse.edu.cn/,2024,medium,
4112010066,天津职业技术师范大学,https://www.tute.edu.cn/,,学校官网,https://www.tute.edu.cn/,2024,medium,
4131011458,上海电机学院,https://www.sdju.edu.cn/,,学校官网,https://www.sdju.edu.cn/,2024,medium,
4142010927,湖北科技学院,https://www.hbust.edu.cn/,,学校官网,https://www.hbust.edu.cn/,2024,medium,
4161010720,陕西理工大学,https://www.snut.edu.cn/,,学校官网,https://www.snut.edu.cn/,2024,medium,
4151010640,内江师范学院,http://www.njtc.edu.cn/,,学校官网,http://www.njtc.edu.cn/,2024,medium,
4134014098,合肥师范学院,http://www.hfnu.edu.cn/,,学校官网,http://www.hfnu.edu.cn/,2024,medium,
4134010371,阜阳师范大学,http://www.fynu.edu.cn/,,学校官网,http://www.fynu.edu.cn/,2024,medium,
4141010481,南阳师范学院,https://www.nynu.edu.cn/,,学校官网,https://www.nynu.edu.cn/,2024,medium,
4152014223,贵州师范学院,https://www.gznc.edu.cn/,,学校官网,https://www.gznc.edu.cn/,2024,medium,
4132011998,徐州工程学院,http://www.xzit.edu.cn/,,学校官网,http://www.xzit.edu.cn/,2024,medium,
4141010482,洛阳师范学院,http://www.lynu.edu.cn/,,学校官网,http://www.lynu.edu.cn/,2024,medium,
4144011347,仲恺农业工程学院,https://www.zhku.edu.cn/,,学校官网,https://www.zhku.edu.cn/,2024,medium,
4122010205,长春师范大学,https://www.ccsfu.edu.cn/,,学校官网,https://www.ccsfu.edu.cn/,2024,medium,
4142010519,湖北文理学院,http://www.hbuas.edu.cn/,,学校官网,http://www.hbuas.edu.cn/,2024,medium,
4161010721,宝鸡文理学院,https://www.bjwlxy.edu.cn/,,学校官网,https://www.bjwlxy.edu.cn/,2024,medium,
4134010879,安徽科技学院,https://www.ahstu.edu.cn/,,学校官网,https://www.ahstu.edu.cn/,2024,medium,
4143011077,长沙学院,http://www.ccsu.cn/,,学校官网,http://www.ccsu.cn/,2024,medium,
4143010546,衡阳师范学院,https://www.hynu.edu.cn/,,学校官网,https://www.hynu.edu.cn/,2024,medium,
4132013982,无锡学院,http://www.bjxy.cn/,,学校官网,http://www.bjxy.cn/,2024,medium,
4122011726,长春大学,https://www.ccu.edu.cn/,,学校官网,https://www.ccu.edu.cn/,2024,medium,
4123010219,黑龙江科技大学,http://www.usth.edu.cn/,,学校官网,http://www.usth.edu.cn/,2024,medium,
4135010399,泉州师范学院,https://www.qztc.edu.cn/,,学校官网,https://www.qztc.edu.cn/,2024,medium,
4113010798,河北科技师范学院,https://www.hevttc.edu.cn/,,学校官网,https://www.hevttc.edu.cn/,2024,medium,
4145010594,广西科技大学,https://www.gxust.edu.cn/,,学校官网,https://www.gxust.edu.cn/,2024,medium,
4132014436,江苏第二师范学院,http://www.jssnu.edu.cn/,,学校官网,http://www.jssnu.edu.cn/,2024,medium,
4152014440,贵州理工学院,https://www.git.edu.cn/,,学校官网,https://www.git.edu.cn/,2024,medium,
4161010722,咸阳师范学院,https://www.xync.edu.cn/,,学校官网,https://www.xync.edu.cn/,2024,medium,
4136011843,九江学院,https://m.jju.edu.cn/,,学校官网,https://m.jju.edu.cn/,2024,medium,
4151010639,绵阳师范学院,http://www.mnu.cn/,,学校官网,http://www.mnu.cn/,2024,medium,
4142010525,湖北汽车工业学院,https://www.huat.edu.cn/,,学校官网,https://www.huat.edu.cn/,2024,medium,
4132011055,常州工学院,https://www.czu.cn/,,学校官网,https://www.czu.cn/,2024,medium,
4132013573,金陵科技学院,https://www.jit.edu.cn/,,学校官网,https://www.jit.edu.cn/,2024,medium,
4123011802,黑龙江工程学院,http://www.hljit.edu.cn/,,学校官网,http://www.hljit.edu.cn/,2024,medium,
4151010649,乐山师范学院,http://www1.lsnu.edu.cn/,,学校官网,http://www1.lsnu.edu.cn/,2024,medium,
4137011067,潍坊学院,https://www.wfu.edu.cn/,,学校官网,https://www.wfu.edu.cn/,2024,medium,
4123010222,佳木斯大学,https://www.jmsu.edu.cn/,,学校官网,https://www.jmsu.edu.cn/,2024,medium,
4113010099,唐山师范学院,https://www.tstc.edu.cn/,,学校官网,https://www.tstc.edu.cn/,2024,medium,
4137011510,山东交通学院,https://www.sdjtu.edu.cn/,,学校官网,https://www.sdjtu.edu.cn/,2024,medium,
4144011656,广东石油化工学院,https://www.gdupt.edu.cn/,,学校官网,https://www.gdupt.edu.cn/,2024,medium,
4113010084,河北建筑工程学院,https://www.hebiace.edu.cn/,,学校官网,https://www.hebiace.edu.cn/,2024,medium,
4142010528,湖北工程学院,http://www.hbeu.cn/,,学校官网,http://www.hbeu.cn/,2024,medium,
4144010577,惠州学院,https://www.hzu.edu.cn/,,学校官网,https://www.hzu.edu.cn/,2024,medium,
4151011116,成都工业学院,https://www.cdtu.edu.cn/,,学校官网,https://www.cdtu.edu.cn/,2024,medium,
4133010352,丽水学院,https://www.lsu.edu.cn/,,学校官网,https://www.lsu.edu.cn/,2024,medium,
4141010918,黄淮学院,https://www.huanghuai.edu.cn/,,学校官网,https://www.huanghuai.edu.cn/,2024,medium,
4141010480,许昌学院,https://www.xcu.edu.cn/,,学校官网,https://www.xcu.edu.cn/,2024,medium,
4113011629,北华航天工业学院,https://www.nciae.edu.cn/,,学校官网,https://www.nciae.edu.cn/,2024,medium,
4142014099,湖北第二师范学院,https://www.hue.edu.cn/,,学校官网,https://www.hue.edu.cn/,2024,medium,
4143012034,湖南第一师范学院,https://www.hnfnu.edu.cn/,,学校官网,https://www.hnfnu.edu.cn/,2024,medium,
4143010549,湖南文理学院,https://www.huas.edu.cn/,,学校官网,https://www.huas.edu.cn/,2024,medium,
4141010478,周口师范学院,https://www.zknu.edu.cn/,,学校官网,https://www.zknu.edu.cn/,2024,medium,
4151014389,成都师范学院,https://www.cdnu.edu.cn/,,学校官网,https://www.cdnu.edu.cn/,2024,medium,
4150010643,重庆三峡学院,https://www.sanxiau.edu.cn/,,学校官网,https://www.sanxiau.edu.cn/,2024,medium,
4152010665,铜仁学院,http://www.gztrc.edu.cn/,,学校官网,http://www.gztrc.edu.cn/,2024,medium,
4152010664,遵义师范学院,http://www.zync.edu.cn/,,学校官网,http://www.zync.edu.cn/,2024,medium,
4136010416,上饶师范学院,http://www.sru.jx.cn/,,学校官网,http://www.sru.jx.cn/,2024,medium,
4141010483,商丘师范学院,https://www.sqnu.edu.cn/,,学校官网,https://www.sqnu.edu.cn/,2024,medium,
4136010417,宜春学院,https://www.jxycu.edu.cn/,,学校官网,https://www.jxycu.edu.cn/,2024,medium,
4133011481,浙江水利水电学院,https://www.zjweu.edu.cn/,,学校官网,https://www.zjweu.edu.cn/,2024,medium,
4134010377,滁州学院,https://www.chzu.edu.cn/,,学校官网,https://www.chzu.edu.cn/,2024,medium,
4137010448,德州学院,http://www.dzu.edu.cn/,,学校官网,http://www.dzu.edu.cn/,2024,medium,
4144010580,肇庆学院,https://www.zqu.edu.cn/,,学校官网,https://www.zqu.edu.cn/,2024,medium,
4137010453,泰山学院,https://www.tsu.edu.cn/,,学校官网,https://www.tsu.edu.cn/,2024,medium,
4144014278,广东第二师范学院,https://www.gdei.edu.cn/,,学校官网,https://www.gdei.edu.cn/,2024,medium,
4121011632,沈阳工程学院,http://www.sie.edu.cn/,,学校官网,http://www.sie.edu.cn/,2024,medium,
4161011395,榆林学院,https://www.yulinu.edu.cn/,,学校官网,https://www.yulinu.edu.cn/,2024,medium,
4122011437,长春工程学院,https://www.ccit.edu.cn/,,学校官网,https://www.ccit.edu.cn/,2024,medium,
4141011070,洛阳理工学院,https://www.lit.edu.cn/,,学校官网,https://www.lit.edu.cn/,2024,medium,
4144010578,韩山师范学院,https://www.hstc.edu.cn/,,学校官网,https://www.hstc.edu.cn/,2024,medium,
4113016203,河北科技工程职业技术大学,http://www.xpc.edu.cn/,,学校官网,http://www.xpc.edu.cn/,2024,medium,
4145011607,北部湾大学,https://www.bbgu.edu.cn/,,学校官网,https://www.bbgu.edu.cn/,2024,medium,
4161011080,西安文理学院,http://www.xawl.edu.cn/,,学校官网,http://www.xawl.edu.cn/,2024,medium,
4137014276,齐鲁师范学院,http://www.qlnu.edu.cn/,,学校官网,http://www.qlnu.edu.cn/,2024,medium,
4134010376,皖西学院,https://www.wxc.edu.cn/,,学校官网,https://www.wxc.edu.cn/,2024,medium,
4123010234,哈尔滨学院,https://zsxx.hrbu.edu.cn/,,学校官网,https://zsxx.hrbu.edu.cn/,2024,medium,
4143011527,湖南城市学院,http://www.hncu.edu.cn/,,学校官网,http://www.hncu.edu.cn/,2024,medium,
4122010202,通化师范学院,https://www.thnu.edu.cn/,,学校官网,https://www.thnu.edu.cn/,2024,medium,
4113011775,防灾科技学院,https://www.cidp.edu.cn/,,学校官网,https://www.cidp.edu.cn/,2024,medium,
4151010641,宜宾学院,http://www.yibinu.edu.cn/,,学校官网,http://www.yibinu.edu.cn/,2024,medium,
4113016204,河北工业职业技术大学,http://www.hbcit.edu.cn/,,学校官网,http://www.hbcit.edu.cn/,2024,medium,
4162010737,兰州城市学院,https://www.lzcu.edu.cn/,,学校官网,https://www.lzcu.edu.cn/,2024,medium,
4141010467,河南科技学院,https://www.hist.edu.cn/,,学校官网,https://www.hist.edu.cn/,2024,medium,
4153010684,曲靖师范学院,https://www.qjnu.edu.cn/,,学校官网,https://www.qjnu.edu.cn/,2024,medium,
4161010723,渭南师范学院,https://www.wnu.edu.cn/,,学校官网,https://www.wnu.edu.cn/,2024,medium,
4145010606,玉林师范学院,https://www.ylu.edu.cn/,,学校官网,https://www.ylu.edu.cn/,2024,medium,
4132012048,南京特殊教育师范学院,https://www.njts.edu.cn/,,学校官网,https://www.njts.edu.cn/,2024,medium,
4113011104,华北科技学院,https://www.ncist.edu.cn/,,学校官网,https://www.ncist.edu.cn/,2024,medium,
4113011033,唐山学院,https://www.tsc.edu.cn/,,学校官网,https://www.tsc.edu.cn/,2024,medium,
4144010576,韶关学院,http://www.sgu.edu.cn/,,学校官网,http://www.sgu.edu.cn/,2024,medium,
4162010740,河西学院,https://www.hxu.edu.cn/,,学校官网,https://www.hxu.edu.cn/,2024,medium,
4134010375,黄山学院,https://www.hsu.edu.cn/,,学校官网,https://www.hsu.edu.cn/,2024,medium,
4151010624,中国民用航空飞行学院,https://www.cafuc.edu.cn/,,学校官网,https://www.cafuc.edu.cn/,2024,medium,
4143011342,湖南工程学院,https://www.hnie.edu.cn/,,学校官网,https://www.hnie.edu.cn/,2024,medium,
4135011311,三明学院,https://www.fjsmu.edu.cn/,,学校官网,https://www.fjsmu.edu.cn/,2024,medium,
4132012917,泰州学院,https://www.tzu.edu.cn/,,学校官网,https://www.tzu.edu.cn/,2024,medium,
4142010920,湖北理工学院,https://www.hbpu.edu.cn/,,学校官网,https://www.hbpu.edu.cn/,2024,medium,
4113010102,石家庄学院,https://www.sjzc.edu.cn/,,学校官网,https://www.sjzc.edu.cn/,2024,medium,
4135011498,莆田学院,https://www.ptu.edu.cn/,,学校官网,https://www.ptu.edu.cn/,2024,medium,
4135011312,龙岩学院,https://www.lyun.edu.cn/,,学校官网,https://www.lyun.edu.cn/,2024,medium,
4152010667,安顺学院,http://www.asu.edu.cn/,,学校官网,http://www.asu.edu.cn/,2024,medium,
4136014437,南昌师范学院,http://www.ncnu.edu.cn/,,学校官网,http://www.ncnu.edu.cn/,2024,medium,
4151010644,四川文理学院,https://www.sasu.edu.cn/,,学校官网,https://www.sasu.edu.cn/,2024,medium,
4113010100,廊坊师范学院,https://www.lfnu.edu.cn/,,学校官网,https://www.lfnu.edu.cn/,2024,medium,
4153011390,玉溪师范学院,http://www.yxnu.net/,,学校官网,http://www.yxnu.net/,2024,medium,
4141011765,河南城建学院,https://www.hncj.edu.cn/,,学校官网,https://www.hncj.edu.cn/,2024,medium,
4150014388,重庆第二师范学院,https://www.cque.edu.cn/,,学校官网,https://www.cque.edu.cn/,2024,medium,
4151010628,西昌学院,https://www.xcc.edu.cn/,,学校官网,https://www.xcc.edu.cn/,2024,medium,
4152010669,凯里学院,https://www.kluniv.edu.cn/,,学校官网,https://www.kluniv.edu.cn/,2024,medium,
4123010233,牡丹江师范学院,http://www.mdjnu.com/,,学校官网,http://www.mdjnu.com/,2024,medium,
4151011552,四川旅游学院,http://www.sctu.edu.cn/,,学校官网,http://www.sctu.edu.cn/,2024,medium,
4141012949,郑州师范学院,https://www.zznu.edu.cn/,,学校官网,https://www.zznu.edu.cn/,2024,medium,
4123010235,大庆师范学院,http://www.dqsy.net/,,学校官网,http://www.dqsy.net/,2024,medium,
4151011360,攀枝花学院,http://www.pzhu.edu.cn/,,学校官网,http://www.pzhu.edu.cn/,2024,medium,
4153011393,昆明学院,https://www.kmu.edu.cn/,,学校官网,https://www.kmu.edu.cn/,2024,medium,
4133011488,衢州学院,https://www.qzc.edu.cn/,,学校官网,https://www.qzc.edu.cn/,2024,medium,
4122010206,白城师范学院,http://www.bcsfxy.com/,,学校官网,http://www.bcsfxy.com/,2024,medium,
4122010204,吉林工程技术师范学院,http://www.jlenu.edu.cn/,,学校官网,http://www.jlenu.edu.cn/,2024,medium,
4134010381,淮南师范学院,http://www.hnnu.edu.cn/,,学校官网,http://www.hnnu.edu.cn/,2024,medium,
4133013287,湖州学院,https://www.zjhzu.edu.cn/,,学校官网,https://www.zjhzu.edu.cn/,2024,medium,
4144010582,嘉应学院,https://www.jyu.edu.cn/,,学校官网,https://www.jyu.edu.cn/,2024,medium,
4141011653,南阳理工学院,https://www.nyist.edu.cn/,,学校官网,https://www.nyist.edu.cn/,2024,medium,
4121014435,营口理工学院,http://www.yku.edu.cn/,,学校官网,http://www.yku.edu.cn/,2024,medium,
4161011396,商洛学院,http://www.slxy.cn/,,学校官网,http://www.slxy.cn/,2024,medium,
4162010738,陇东学院,https://www.ldxy.edu.cn/,,学校官网,https://www.ldxy.edu.cn/,2024,medium,
4113010096,保定学院,https://www.bdu.edu.cn/,,学校官网,https://www.bdu.edu.cn/,2024,medium,
4132013983,苏州城市学院,http://www.szcu.edu.cn/,,学校官网,http://www.szcu.edu.cn/,2024,medium,
4161011397,安康学院,http://www.aku.edu.cn/,,学校官网,http://www.aku.edu.cn/,2024,medium,
4143010551,湖南科技学院,https://www.hnust.edu.cn/,,学校官网,https://www.hnust.edu.cn/,2024,medium,
4137014438,山东管理学院,https://www.sdmu.edu.cn/,,学校官网,https://www.sdmu.edu.cn/,2024,medium,
4152010976,贵阳学院,http://www.gyu.cn/,,学校官网,http://www.gyu.cn/,2024,medium,
4121011430,辽宁科技学院,https://www.lnist.edu.cn/,,学校官网,https://www.lnist.edu.cn/,2024,medium,
4135010397,武夷学院,https://www.wuyiu.edu.cn/,,学校官网,https://www.wuyiu.edu.cn/,2024,medium,
4121010169,鞍山师范学院,http://www.asnc.edu.cn/,,学校官网,http://www.asnc.edu.cn/,2024,medium,
4143010545,湘南学院,https://xnxy.bysjy.com.cn/,,学校官网,https://xnxy.bysjy.com.cn/,2024,medium,
4152010977,六盘水师范学院,https://www.lpssy.edu.cn/,,学校官网,https://www.lpssy.edu.cn/,2024,medium,
4141010469,河南牧业经济学院,https://www.hnuahe.edu.cn/,,学校官网,https://www.hnuahe.edu.cn/,2024,medium,
4141010919,平顶山学院,https://www.pdsu.edu.cn/,,学校官网,https://www.pdsu.edu.cn/,2024,medium,
4145011838,贺州学院,http://www.hzxy.edu.cn/,,学校官网,http://www.hzxy.edu.cn/,2024,medium,
4162011807,兰州工业学院,https://www.lzit.edu.cn/,,学校官网,https://www.lzit.edu.cn/,2024,medium,
4135010398,宁德师范学院,http://www.ndnu.edu.cn/,,学校官网,http://www.ndnu.edu.cn/,2024,medium,
4134011306,池州学院,https://www.czu.edu.cn/,,学校官网,https://www.czu.edu.cn/,2024,medium,
4152010670,黔南民族师范学院,http://2.hsrd.cc/,,学校官网,http://2.hsrd.cc/,2024,medium,
4114010119,太原师范学院,http://www.tynu.edu.cn/,,学校官网,http://www.tynu.edu.cn/,2024,medium,
4134010379,宿州学院,http://www.ahszu.edu.cn/,,学校官网,http://www.ahszu.edu.cn/,2024,medium,
4137013386,山东石油化工学院,https://zs.slcupc.edu.cn/,,学校官网,https://zs.slcupc.edu.cn/,2024,medium,
4146011100,海南热带海洋学院,http://www.hntou.edu.cn/,,学校官网,http://www.hntou.edu.cn/,2024,medium,
4123013744,黑河学院,http://www.hhhxy.cn/,,学校官网,http://www.hhhxy.cn/,2024,medium,
4122011439,吉林农业科技学院,https://www.jlnku.edu.cn/,,学校官网,https://www.jlnku.edu.cn/,2024,medium,
4121011779,辽东学院,http://www.elnu.edu.cn/,,学校官网,http://www.elnu.edu.cn/,2024,medium,
4114010120,山西大同大学,https://www.sxdtdx.edu.cn/,,学校官网,https://www.sxdtdx.edu.cn/,2024,medium,
4161011736,西安航空学院,https://www.xaau.edu.cn/,,学校官网,https://www.xaau.edu.cn/,2024,medium,
4161014390,陕西学前师范学院,http://www.snsy.edu.cn/,,学校官网,http://www.snsy.edu.cn/,2024,medium,
4151011661,四川民族学院,https://www.scun.edu.cn/,,学校官网,https://www.scun.edu.cn/,2024,medium,
4137014439,山东农业工程学院,https://www.sdaeu.edu.cn/,,学校官网,https://www.sdaeu.edu.cn/,2024,medium,
4134011305,蚌埠学院,https://www.bbc.edu.cn/,,学校官网,https://www.bbc.edu.cn/,2024,medium,
4143010548,怀化学院,http://www.hhtc.edu.cn/,,学校官网,http://www.hhtc.edu.cn/,2024,medium,
4136011508,新余学院,http://www.xyc.edu.cn/,,学校官网,http://www.xyc.edu.cn/,2024,medium,
4143010547,邵阳学院,https://www.hnsyu.edu.cn/,,学校官网,https://www.hnsyu.edu.cn/,2024,medium,
4153011391,楚雄师范学院,https://www.cxtc.edu.cn/,,学校官网,https://www.cxtc.edu.cn/,2024,medium,
4141011517,河南工程学院,http://www.haue.edu.cn/,,学校官网,http://www.haue.edu.cn/,2024,medium,
4137010454,济宁学院,https://www.jnxy.edu.cn/,,学校官网,https://www.jnxy.edu.cn/,2024,medium,
4165010763,喀什大学,https://www.ksu.edu.cn/,,学校官网,https://www.ksu.edu.cn/,2024,medium,
4162011562,兰州文理学院,https://www.luas.edu.cn/,,学校官网,https://www.luas.edu.cn/,2024,medium,
4115010138,赤峰学院,http://www.cfxy.cn/,,学校官网,http://www.cfxy.cn/,2024,medium,
4142010518,汉江师范学院,http://www.hjnu.edu.cn/,,学校官网,http://www.hjnu.edu.cn/,2024,medium,
4165010764,伊犁师范大学,https://www.ylnu.edu.cn/,,学校官网,https://www.ylnu.edu.cn/,2024,medium,
4152010668,贵州工程应用技术学院,https://www.gues.edu.cn/,,学校官网,https://www.gues.edu.cn/,2024,medium,
4113010104,邢台学院,http://www.xttc.edu.cn/,,学校官网,http://www.xttc.edu.cn/,2024,medium,
4113010103,邯郸学院,https://www.hdc.edu.cn/,,学校官网,https://www.hdc.edu.cn/,2024,medium,
4113010101,衡水学院,https://www.hsnc.edu.cn/,,学校官网,https://www.hsnc.edu.cn/,2024,medium,
4114010121,晋中学院,https://www.jzxy.edu.cn/,,学校官网,https://www.jzxy.edu.cn/,2024,medium,
4145011354,梧州学院,http://www.gxuwz.edu.cn/,,学校官网,http://www.gxuwz.edu.cn/,2024,medium,
4137010455,菏泽学院,http://www.hezeu.edu.cn/,,学校官网,http://www.hezeu.edu.cn/,2024,medium,
4153010687,红河学院,https://www.uoh.edu.cn/,,学校官网,https://www.uoh.edu.cn/,2024,medium,
4162011561,甘肃民族师范学院,http://www.gnun.edu.cn/,,学校官网,http://www.gnun.edu.cn/,2024,medium,
4115010819,呼伦贝尔学院,http://www.hlbrc.cn/,,学校官网,http://www.hlbrc.cn/,2024,medium,
4137012331,山东女子学院,https://www.sdwu.edu.cn/,,学校官网,https://www.sdwu.edu.cn/,2024,medium,
4143010553,湖南人文科技学院,http://www.huhst.edu.cn/,,学校官网,http://www.huhst.edu.cn/,2024,medium,
4144011106,广州航海学院,https://www.gzmtu.edu.cn/,,学校官网,https://www.gzmtu.edu.cn/,2024,medium,
4141011071,新乡学院,https://www.xxu.edu.cn/,,学校官网,https://www.xxu.edu.cn/,2024,medium,
4145010609,百色学院,https://www.bsuc.cn/,,学校官网,https://www.bsuc.cn/,2024,medium,
4113010105,沧州师范学院,http://www.caztc.edu.cn/,,学校官网,http://www.caztc.edu.cn/,2024,medium,
4136010894,景德镇学院,http://www.jdzu.edu.cn/,,学校官网,http://www.jdzu.edu.cn/,2024,medium,
4135014683,福建技术师范学院,http://www.fpnu.edu.cn/,,学校官网,http://www.fpnu.edu.cn/,2024,medium,
4136013434,赣南科技学院,http://www.gnust.edu.cn/,,学校官网,http://www.gnust.edu.cn/,2024,medium,
4145010604,广西民族师范学院,http://www.gxnun.edu.cn/,,学校官网,http://www.gxnun.edu.cn/,2024,medium,
4142011336,荆楚理工学院,http://www.jcut.edu.cn/,,学校官网,http://www.jcut.edu.cn/,2024,medium,
4141011330,安阳工学院,https://www.ayit.edu.cn/,,学校官网,https://www.ayit.edu.cn/,2024,medium,
4151010646,阿坝师范学院,http://www.abtu.edu.cn/,,学校官网,http://www.abtu.edu.cn/,2024,medium,
4141011326,信阳农林学院,https://www.xyafu.edu.cn/,,学校官网,https://www.xyafu.edu.cn/,2024,medium,
4134010380,巢湖学院,https://www.chu.edu.cn/,,学校官网,https://www.chu.edu.cn/,2024,medium,
4113010098,河北民族师范学院,https://www.hbun.edu.cn/,,学校官网,https://www.hbun.edu.cn/,2024,medium,
4145011825,桂林航天工业学院,https://www.guat.edu.cn/,,学校官网,https://www.guat.edu.cn/,2024,medium,
4114010122,长治学院,https://www.czc.edu.cn/,,学校官网,https://www.czc.edu.cn/,2024,medium,
4145010605,河池学院,https://www.hcnu.edu.cn/,,学校官网,https://www.hcnu.edu.cn/,2024,medium,
4213051721,河北环境工程学院,https://www.hebuee.edu.cn/,,学校官网,https://www.hebuee.edu.cn/,2024,medium,
4113014458,张家口学院,http://www.zjku.edu.cn/,,学校官网,http://www.zjku.edu.cn/,2024,medium,
4143011528,湖南工学院,https://www.hnit.edu.cn/,,学校官网,https://www.hnit.edu.cn/,2024,medium,
4141011329,河南工学院,https://www.hait.edu.cn/,,学校官网,https://www.hait.edu.cn/,2024,medium,
4152010666,兴义民族师范学院,https://www.xynun.edu.cn/,,学校官网,https://www.xynun.edu.cn/,2024,medium,
4123010236,绥化学院,http://www.shxy.edu.cn/,,学校官网,http://www.shxy.edu.cn/,2024,medium,
4133013289,温州理工学院,https://www.wzut.edu.cn/,,学校官网,https://www.wzut.edu.cn/,2024,medium,
4153010686,保山学院,https://www.bsnc.cn/,,学校官网,https://www.bsnc.cn/,2024,medium,
4137014277,山东青年政治学院,http://www.sdyu.edu.cn/,,学校官网,http://www.sdyu.edu.cn/,2024,medium,
4143013806,长沙师范学院,http://www.cssf.cn/,,学校官网,http://www.cssf.cn/,2024,medium,
4137010904,枣庄学院,http://www.uzz.edu.cn/,,学校官网,http://www.uzz.edu.cn/,2024,medium,
4141011068,郑州工程技术学院,https://www.zzut.edu.cn/,,学校官网,https://www.zzut.edu.cn/,2024,medium,
4114010123,运城学院,http://www.ycu.edu.cn/,,学校官网,http://www.ycu.edu.cn/,2024,medium,
4153011556,文山学院,https://www.wsu.edu.cn/,,学校官网,https://www.wsu.edu.cn/,2024,medium,
4114010812,吕梁学院,https://www.llu.edu.cn/,,学校官网,https://www.llu.edu.cn/,2024,medium,
4165010994,新疆工程学院,https://www.xjie.edu.cn/,,学校官网,https://www.xjie.edu.cn/,2024,medium,
4153010685,普洱学院,http://www.peuni.cn/,,学校官网,http://www.peuni.cn/,2024,medium,
4136010895,萍乡学院,http://www.pxc.jx.cn/,,学校官网,http://www.pxc.jx.cn/,2024,medium,
4115011427,集宁师范学院,http://www.jntc.nm.cn/,,学校官网,http://www.jntc.nm.cn/,2024,medium,
4153014092,滇西科技师范学院,http://www.wynu.edu.cn/,,学校官网,http://www.wynu.edu.cn/,2024,medium,
4114014101,太原工业学院,https://www.tit.edu.cn/,,学校官网,https://www.tit.edu.cn/,2024,medium,
4165013558,新疆理工学院,http://www.xjistedu.cn/,,学校官网,http://www.xjistedu.cn/,2024,medium,
4145011546,广西科技师范学院,https://www.gxstnu.edu.cn/,,学校官网,https://www.gxstnu.edu.cn/,2024,medium,
4153010683,昭通学院,https://www.ztu.edu.cn/,,学校官网,https://www.ztu.edu.cn/,2024,medium,
4114010124,忻州师范学院,http://www.xztu.edu.cn/,,学校官网,http://www.xztu.edu.cn/,2024,medium,
4113016202,河北石油职业技术大学,https://www.cdpc.edu.cn/,,学校官网,https://www.cdpc.edu.cn/,2024,medium,
4165010997,昌吉学院,http://www.cjc.edu.cn/,,学校官网,http://www.cjc.edu.cn/,2024,medium,
4146013811,琼台师范学院,http://www.qtnu.edu.cn/,,学校官网,http://www.qtnu.edu.cn/,2024,medium,
4115014532,鄂尔多斯应用技术学院,https://www.oit.edu.cn/,,学校官网,https://www.oit.edu.cn/,2024,medium,
4123011445,黑龙江工业学院,http://www.hljut.edu.cn/,,学校官网,http://www.hljut.edu.cn/,2024,medium,
4165013628,新疆政法学院,http://www.xjzfu.edu.cn/,,学校官网,http://www.xjzfu.edu.cn/,2024,medium,
4214051189,山西能源学院,http://www.sxeu.cn/,,学校官网,http://www.sxeu.cn/,2024,medium,
4136013432,赣东学院,http://www.gdc.edu.cn/,,学校官网,http://www.gdc.edu.cn/,2024,medium,
4115011631,河套学院,http://www.hetaodaxue.com/,,学校官网,http://www.hetaodaxue.com/,2024,medium,
4134012926,亳州学院,http://www.bzuu.edu.cn/,,学校官网,http://www.bzuu.edu.cn/,2024,medium,
4136013774,豫章师范学院,https://www.yuznu.edu.cn/,,学校官网,https://www.yuznu.edu.cn/,2024,medium,
4114014527,山西工程技术学院,http://www.sxgy.cn/,,学校官网,http://www.sxgy.cn/,2024,medium,
4114011242,太原学院,https://tyu.edu.cn/,,学校官网,https://tyu.edu.cn/,2024,medium,
